#
# There is insufficient memory for the Java Runtime Environment to continue.
# Native memory allocation (malloc) failed to allocate 4088 bytes. Error detail: AllocateHeap
# Possible reasons:
#   The system is out of physical RAM or swap space
#   This process is running with CompressedOops enabled, and the Java Heap may be blocking the growth of the native heap
# Possible solutions:
#   Reduce memory load on the system
#   Increase physical memory or swap space
#   Check if swap backing store is full
#   Decrease Java heap size (-Xmx/-Xms)
#   Decrease number of Java threads
#   Decrease Java thread stack sizes (-Xss)
#   Set larger code cache with -XX:ReservedCodeCacheSize=
#   JVM is running with Zero Based Compressed Oops mode in which the Java heap is
#     placed in the first 32GB address space. The Java Heap base address is the
#     maximum limit for the native heap growth. Please use -XX:HeapBaseMinAddress
#     to set the Java Heap base and to place the Java Heap above 32GB virtual address.
# This output file may be truncated or incomplete.
#
#  Out of Memory Error (allocation.cpp:44), pid=35912, tid=15624
#
# JRE version: OpenJDK Runtime Environment JBR-21.0.10+1-1163.108-jcef (21.0.10+1) (build 21.0.10+1-b1163.108)
# Java VM: OpenJDK 64-Bit Server VM JBR-21.0.10+1-1163.108-jcef (21.0.10+1-b1163.108, mixed mode, sharing, tiered, compressed oops, compressed class ptrs, parallel gc, windows-amd64)
# No core dump will be written. Minidumps are not enabled by default on client versions of Windows
#

---------------  S U M M A R Y ------------

Command Line: --add-opens=java.base/java.lang=ALL-UNNAMED --add-opens=java.base/java.lang.invoke=ALL-UNNAMED --add-opens=java.base/java.util=ALL-UNNAMED --add-opens=java.prefs/java.util.prefs=ALL-UNNAMED --add-exports=jdk.compiler/com.sun.tools.javac.api=ALL-UNNAMED --add-exports=jdk.compiler/com.sun.tools.javac.util=ALL-UNNAMED --add-opens=java.base/java.util=ALL-UNNAMED --add-opens=java.prefs/java.util.prefs=ALL-UNNAMED --add-opens=java.base/java.nio.charset=ALL-UNNAMED --add-opens=java.base/java.net=ALL-UNNAMED --add-opens=java.base/java.util.concurrent=ALL-UNNAMED --add-opens=java.base/java.util.concurrent.atomic=ALL-UNNAMED --add-opens=java.xml/javax.xml.namespace=ALL-UNNAMED --add-opens=java.base/java.time=ALL-UNNAMED -XX:MaxMetaspaceSize=1G -XX:+UseParallelGC -XX:+HeapDumpOnOutOfMemoryError -Xmx6G -Dfile.encoding=UTF-8 -Duser.country=ID -Duser.language=en -Duser.variant -javaagent:C:\Users\HP\.gradle\wrapper\dists\gradle-9.3.1-bin\23ovyewtku6u96viwx3xl3oks\gradle-9.3.1\lib\agents\gradle-instrumentation-agent-9.3.1.jar org.gradle.launcher.daemon.bootstrap.GradleDaemon 9.3.1

Host: Intel(R) Core(TM) i5-5200U CPU @ 2.20GHz, 4 cores, 15G,  Windows 10 , 64 bit Build 19041 (10.0.19041.3155)
Time: Sun Aug 16 01:37:15 2026 SE Asia Standard Time elapsed time: 893.134230 seconds (0d 0h 14m 53s)

---------------  T H R E A D  ---------------

Current thread (0x00000168127eb4b0):  WorkerThread "GC Thread#2"    [id=15624, stack(0x0000005636900000,0x0000005636a00000) (1024K)]

Stack: [0x0000005636900000,0x0000005636a00000]
Native frames: (J=compiled Java code, j=interpreted, Vv=VM code, C=native code)
V  [jvm.dll+0x6ecf49]


---------------  P R O C E S S  ---------------

Threads class SMR info:
_java_thread_list=0x0000016822554ff0, length=98, elements={
0x00000167b54eb2b0, 0x00000167b503cfd0, 0x00000167b503e9a0, 0x00000167b50417c0,
0x00000167b5043510, 0x00000167b50454e0, 0x00000167b5046a90, 0x00000167b5049600,
0x00000167b504c3a0, 0x00000167b504d500, 0x000001680d715b80, 0x0000016812ec7380,
0x0000016813183b70, 0x000001681357acd0, 0x0000016813b03db0, 0x00000168139fa820,
0x00000168135667c0, 0x00000168139f9fe0, 0x000001681352f130, 0x000001681352d6f0,
0x000001681352fe50, 0x000001681352f7c0, 0x000001681352eaa0, 0x000001681352dd80,
0x0000016815750bf0, 0x0000016815751910, 0x00000168157539e0, 0x0000016815750560,
0x0000016815752630, 0x000001681574fed0, 0x0000016815753350, 0x0000016815754d90,
0x0000016815756140, 0x0000016815751280, 0x0000016815752cc0, 0x0000016815754700,
0x0000016815751fa0, 0x0000016815755420, 0x000001681574f840, 0x0000016815756e60,
0x00000168165bfa90, 0x00000168165be6e0, 0x00000168165b9eb0, 0x00000168165bed70,
0x00000168165be050, 0x00000168165bc610, 0x00000168165babd0, 0x00000168165bcca0,
0x00000168165c07b0, 0x00000168165bb8f0, 0x00000168165ba540, 0x00000168157d3240,
0x00000168157d1800, 0x00000168157d1e90, 0x00000168157d0ae0, 0x00000168157d1170,
0x00000168157d45f0, 0x00000168157d4c80, 0x00000168157cea10, 0x00000168157d5310,
0x0000016816a84660, 0x0000016816a84cf0, 0x0000016816a85a10, 0x0000016816a86dc0,
0x0000016816a85380, 0x0000016816a83940, 0x0000016816a83fd0, 0x0000016816a860a0,
0x0000016816a86730, 0x00000168179a19f0, 0x000001681799f920, 0x00000168179a2080,
0x00000168179a2da0, 0x00000168179a3430, 0x000001681799d1c0, 0x00000168179a3ac0,
0x0000016819934050, 0x0000016819935400, 0x00000168228db5c0, 0x00000168228dbc50,
0x0000016819c71570, 0x0000016819c6da60, 0x0000016819c75080, 0x0000016819c73640,
0x0000016817e7ad60, 0x0000016817e7fc20, 0x0000016817e82a10, 0x0000016817e7e870,
0x0000016817e7c7a0, 0x0000016817e7db50, 0x0000016817e802b0, 0x0000016817e7c110,
0x0000016817e83730, 0x0000016817e83dc0, 0x0000016817e7e1e0, 0x0000016817e84450,
0x0000016817e7ef00, 0x0000016817e7f590
}

Java Threads: ( => current thread )
  0x00000167b54eb2b0 JavaThread "main"                              [_thread_blocked, id=34460, stack(0x0000005635a00000,0x0000005635b00000) (1024K)]
  0x00000167b503cfd0 JavaThread "Common-Cleaner"             daemon [_thread_blocked, id=29848, stack(0x0000005635e00000,0x0000005635f00000) (1024K)]
  0x00000167b503e9a0 JavaThread "Reference Handler"          daemon [_thread_blocked, id=8716, stack(0x0000005635f00000,0x0000005636000000) (1024K)]
  0x00000167b50417c0 JavaThread "Finalizer"                  daemon [_thread_blocked, id=4248, stack(0x0000005636000000,0x0000005636100000) (1024K)]
  0x00000167b5043510 JavaThread "Signal Dispatcher"          daemon [_thread_blocked, id=3612, stack(0x0000005636100000,0x0000005636200000) (1024K)]
  0x00000167b50454e0 JavaThread "Attach Listener"            daemon [_thread_blocked, id=3296, stack(0x0000005636200000,0x0000005636300000) (1024K)]
  0x00000167b5046a90 JavaThread "Service Thread"             daemon [_thread_blocked, id=7428, stack(0x0000005636300000,0x0000005636400000) (1024K)]
  0x00000167b5049600 JavaThread "Monitor Deflation Thread"   daemon [_thread_blocked, id=14516, stack(0x0000005636400000,0x0000005636500000) (1024K)]
  0x00000167b504c3a0 JavaThread "C2 CompilerThread0"         daemon [_thread_blocked, id=1892, stack(0x0000005636500000,0x0000005636600000) (1024K)]
  0x00000167b504d500 JavaThread "C1 CompilerThread0"         daemon [_thread_blocked, id=13692, stack(0x0000005636600000,0x0000005636700000) (1024K)]
  0x000001680d715b80 JavaThread "Notification Thread"        daemon [_thread_blocked, id=31836, stack(0x0000005636700000,0x0000005636800000) (1024K)]
  0x0000016812ec7380 JavaThread "Daemon health stats"               [_thread_blocked, id=18516, stack(0x0000005636c00000,0x0000005636d00000) (1024K)]
  0x0000016813183b70 JavaThread "Incoming local TCP Connector on port 62672"        [_thread_in_native, id=2920, stack(0x0000005636b00000,0x0000005636c00000) (1024K)]
  0x000001681357acd0 JavaThread "Daemon periodic checks"            [_thread_blocked, id=22580, stack(0x0000005636d00000,0x0000005636e00000) (1024K)]
  0x0000016813b03db0 JavaThread "Daemon"                            [_thread_blocked, id=21560, stack(0x0000005636e00000,0x0000005636f00000) (1024K)]
  0x00000168139fa820 JavaThread "Handler for socket connection from /127.0.0.1:62672 to /127.0.0.1:62673"        [_thread_in_native, id=21576, stack(0x0000005636f00000,0x0000005637000000) (1024K)]
  0x00000168135667c0 JavaThread "Cancel handler"                    [_thread_blocked, id=16096, stack(0x0000005637000000,0x0000005637100000) (1024K)]
  0x00000168139f9fe0 JavaThread "Daemon worker"                     [_thread_blocked, id=15220, stack(0x0000005637100000,0x0000005637200000) (1024K)]
  0x000001681352f130 JavaThread "Asynchronous log dispatcher for DefaultDaemonConnection: socket connection from /127.0.0.1:62672 to /127.0.0.1:62673"        [_thread_blocked, id=25804, stack(0x0000005637200000,0x0000005637300000) (1024K)]
  0x000001681352d6f0 JavaThread "Stdin handler"                     [_thread_blocked, id=25092, stack(0x0000005637300000,0x0000005637400000) (1024K)]
  0x000001681352fe50 JavaThread "Daemon client event forwarder"        [_thread_blocked, id=34188, stack(0x0000005637400000,0x0000005637500000) (1024K)]
  0x000001681352f7c0 JavaThread "Cache worker for journal cache (C:\Users\HP\.gradle\caches\journal-1)"        [_thread_blocked, id=33796, stack(0x0000005637500000,0x0000005637600000) (1024K)]
  0x000001681352eaa0 JavaThread "File lock request listener"        [_thread_in_native, id=14212, stack(0x0000005637600000,0x0000005637700000) (1024K)]
  0x000001681352dd80 JavaThread "Cache worker for file hash cache (C:\Users\HP\.gradle\caches\9.3.1\fileHashes)"        [_thread_blocked, id=30256, stack(0x0000005637700000,0x0000005637800000) (1024K)]
  0x0000016815750bf0 JavaThread "Cache worker for file hash cache (F:\2026\Alexgram\Alexgram\.gradle\9.3.1\fileHashes)"        [_thread_blocked, id=6060, stack(0x0000005637900000,0x0000005637a00000) (1024K)]
  0x0000016815751910 JavaThread "Cache worker for Build Output Cleanup Cache (F:\2026\Alexgram\Alexgram\.gradle\buildOutputCleanup)"        [_thread_blocked, id=20664, stack(0x0000005637a00000,0x0000005637b00000) (1024K)]
  0x00000168157539e0 JavaThread "File watcher server"        daemon [_thread_blocked, id=14136, stack(0x0000005637b00000,0x0000005637c00000) (1024K)]
  0x0000016815750560 JavaThread "File watcher consumer"      daemon [_thread_blocked, id=26756, stack(0x0000005637c00000,0x0000005637d00000) (1024K)]
  0x0000016815752630 JavaThread "Cache worker for checksums cache (F:\2026\Alexgram\Alexgram\.gradle\9.3.1\checksums)"        [_thread_blocked, id=27700, stack(0x0000005637800000,0x0000005637900000) (1024K)]
  0x000001681574fed0 JavaThread "Cache worker for file content cache (C:\Users\HP\.gradle\caches\9.3.1\fileContent)"        [_thread_blocked, id=8656, stack(0x0000005637d00000,0x0000005637e00000) (1024K)]
  0x0000016815753350 JavaThread "Cache worker for cache directory md-supplier (C:\Users\HP\.gradle\caches\9.3.1\md-supplier)"        [_thread_blocked, id=14792, stack(0x0000005637e00000,0x0000005637f00000) (1024K)]
  0x0000016815754d90 JavaThread "Cache worker for cache directory md-rule (C:\Users\HP\.gradle\caches\9.3.1\md-rule)"        [_thread_blocked, id=29036, stack(0x0000005637f00000,0x0000005638000000) (1024K)]
  0x0000016815756140 JavaThread "jar transforms"                    [_thread_blocked, id=11488, stack(0x0000005638100000,0x0000005638200000) (1024K)]
  0x0000016815751280 JavaThread "Unconstrained build operations"        [_thread_blocked, id=35540, stack(0x0000005638200000,0x0000005638300000) (1024K)]
  0x0000016815752cc0 JavaThread "Unconstrained build operations Thread 2"        [_thread_blocked, id=8264, stack(0x0000005638300000,0x0000005638400000) (1024K)]
  0x0000016815754700 JavaThread "Unconstrained build operations Thread 3"        [_thread_blocked, id=24384, stack(0x0000005638400000,0x0000005638500000) (1024K)]
  0x0000016815751fa0 JavaThread "jar transforms Thread 2"           [_thread_blocked, id=14216, stack(0x0000005638500000,0x0000005638600000) (1024K)]
  0x0000016815755420 JavaThread "jar transforms Thread 3"           [_thread_blocked, id=26688, stack(0x0000005638600000,0x0000005638700000) (1024K)]
  0x000001681574f840 JavaThread "Unconstrained build operations Thread 4"        [_thread_blocked, id=34236, stack(0x0000005638000000,0x0000005638100000) (1024K)]
  0x0000016815756e60 JavaThread "Unconstrained build operations Thread 5"        [_thread_blocked, id=23284, stack(0x0000005638700000,0x0000005638800000) (1024K)]
  0x00000168165bfa90 JavaThread "Unconstrained build operations Thread 6"        [_thread_blocked, id=22668, stack(0x0000005638800000,0x0000005638900000) (1024K)]
  0x00000168165be6e0 JavaThread "Unconstrained build operations Thread 7"        [_thread_blocked, id=36256, stack(0x0000005638900000,0x0000005638a00000) (1024K)]
  0x00000168165b9eb0 JavaThread "Unconstrained build operations Thread 8"        [_thread_blocked, id=17772, stack(0x0000005638a00000,0x0000005638b00000) (1024K)]
  0x00000168165bed70 JavaThread "Unconstrained build operations Thread 9"        [_thread_blocked, id=34712, stack(0x0000005638b00000,0x0000005638c00000) (1024K)]
  0x00000168165be050 JavaThread "Unconstrained build operations Thread 10"        [_thread_blocked, id=12620, stack(0x0000005638c00000,0x0000005638d00000) (1024K)]
  0x00000168165bc610 JavaThread "Unconstrained build operations Thread 11"        [_thread_blocked, id=32280, stack(0x0000005638d00000,0x0000005638e00000) (1024K)]
  0x00000168165babd0 JavaThread "Unconstrained build operations Thread 12"        [_thread_blocked, id=35332, stack(0x0000005638e00000,0x0000005638f00000) (1024K)]
  0x00000168165bcca0 JavaThread "jar transforms Thread 4"           [_thread_blocked, id=17564, stack(0x0000005638f00000,0x0000005639000000) (1024K)]
  0x00000168165c07b0 JavaThread "Memory manager"                    [_thread_blocked, id=35884, stack(0x0000005639100000,0x0000005639200000) (1024K)]
  0x00000168165bb8f0 JavaThread "build event listener"              [_thread_blocked, id=15580, stack(0x0000005639000000,0x0000005639100000) (1024K)]
  0x00000168165ba540 JavaThread "Problems report writer"            [_thread_blocked, id=10548, stack(0x0000005639200000,0x0000005639300000) (1024K)]
  0x00000168157d3240 JavaThread "included builds"                   [_thread_blocked, id=34404, stack(0x0000005639400000,0x0000005639500000) (1024K)]
  0x00000168157d1800 JavaThread "Execution worker"                  [_thread_blocked, id=36100, stack(0x0000005639500000,0x0000005639600000) (1024K)]
  0x00000168157d1e90 JavaThread "Execution worker Thread 2"         [_thread_blocked, id=13060, stack(0x0000005639600000,0x0000005639700000) (1024K)]
  0x00000168157d0ae0 JavaThread "Execution worker Thread 3"         [_thread_blocked, id=13812, stack(0x0000005639700000,0x0000005639800000) (1024K)]
  0x00000168157d1170 JavaThread "Cache worker for execution history cache (F:\2026\Alexgram\Alexgram\.gradle\9.3.1\executionHistory)"        [_thread_blocked, id=32552, stack(0x0000005639800000,0x0000005639900000) (1024K)]
  0x00000168157d45f0 JavaThread "Unconstrained build operations Thread 13"        [_thread_blocked, id=15964, stack(0x0000005639900000,0x0000005639a00000) (1024K)]
  0x00000168157d4c80 JavaThread "Unconstrained build operations Thread 14"        [_thread_blocked, id=27344, stack(0x0000005639a00000,0x0000005639b00000) (1024K)]
  0x00000168157cea10 JavaThread "Unconstrained build operations Thread 15"        [_thread_blocked, id=32788, stack(0x0000005639b00000,0x0000005639c00000) (1024K)]
  0x00000168157d5310 JavaThread "Unconstrained build operations Thread 16"        [_thread_blocked, id=31500, stack(0x0000005639c00000,0x0000005639d00000) (1024K)]
  0x0000016816a84660 JavaThread "Unconstrained build operations Thread 17"        [_thread_blocked, id=9044, stack(0x0000005635700000,0x0000005635800000) (1024K)]
  0x0000016816a84cf0 JavaThread "Unconstrained build operations Thread 18"        [_thread_blocked, id=34796, stack(0x0000005639d00000,0x0000005639e00000) (1024K)]
  0x0000016816a85a10 JavaThread "Unconstrained build operations Thread 19"        [_thread_blocked, id=10056, stack(0x0000005639e00000,0x0000005639f00000) (1024K)]
  0x0000016816a86dc0 JavaThread "Unconstrained build operations Thread 20"        [_thread_blocked, id=31320, stack(0x0000005639f00000,0x000000563a000000) (1024K)]
  0x0000016816a85380 JavaThread "Unconstrained build operations Thread 21"        [_thread_blocked, id=19640, stack(0x000000563a000000,0x000000563a100000) (1024K)]
  0x0000016816a83940 JavaThread "Unconstrained build operations Thread 22"        [_thread_blocked, id=21736, stack(0x000000563a100000,0x000000563a200000) (1024K)]
  0x0000016816a83fd0 JavaThread "Unconstrained build operations Thread 23"        [_thread_blocked, id=31824, stack(0x000000563a300000,0x000000563a400000) (1024K)]
  0x0000016816a860a0 JavaThread "Unconstrained build operations Thread 24"        [_thread_blocked, id=30080, stack(0x000000563a400000,0x000000563a500000) (1024K)]
  0x0000016816a86730 JavaThread "Unconstrained build operations Thread 25"        [_thread_blocked, id=10992, stack(0x000000563a500000,0x000000563a600000) (1024K)]
  0x00000168179a19f0 JavaThread "Unconstrained build operations Thread 26"        [_thread_blocked, id=21836, stack(0x000000563a200000,0x000000563a300000) (1024K)]
  0x000001681799f920 JavaThread "Unconstrained build operations Thread 27"        [_thread_blocked, id=32380, stack(0x000000563a600000,0x000000563a700000) (1024K)]
  0x00000168179a2080 JavaThread "Unconstrained build operations Thread 28"        [_thread_blocked, id=28740, stack(0x000000563a700000,0x000000563a800000) (1024K)]
  0x00000168179a2da0 JavaThread "WorkerExecutor Queue"              [_thread_blocked, id=8820, stack(0x000000563a800000,0x000000563a900000) (1024K)]
  0x00000168179a3430 JavaThread "Unconstrained build operations Thread 29"        [_thread_blocked, id=29580, stack(0x000000563a900000,0x000000563aa00000) (1024K)]
  0x000001681799d1c0 JavaThread "Unconstrained build operations Thread 30"        [_thread_blocked, id=18224, stack(0x000000563aa00000,0x000000563ab00000) (1024K)]
  0x00000168179a3ac0 JavaThread "Unconstrained build operations Thread 31"        [_thread_blocked, id=1036, stack(0x000000563ab00000,0x000000563ac00000) (1024K)]
  0x0000016819934050 JavaThread "Periodic tasks thread"      daemon [_thread_blocked, id=29236, stack(0x0000005635900000,0x0000005635a00000) (1024K)]
  0x0000016819935400 JavaThread "ApplicationImpl pooled thread 1" daemon [_thread_blocked, id=4572, stack(0x0000005639300000,0x0000005639400000) (1024K)]
  0x00000168228db5c0 JavaThread "Java2D Disposer"            daemon [_thread_blocked, id=35276, stack(0x000000563ae00000,0x000000563af00000) (1024K)]
  0x00000168228dbc50 JavaThread "AWT-Windows"                daemon [_thread_in_native, id=34984, stack(0x000000563b000000,0x000000563b100000) (1024K)]
  0x0000016819c71570 JavaThread "Unconstrained build operations Thread 32"        [_thread_blocked, id=9376, stack(0x000000563ad00000,0x000000563ae00000) (1024K)]
  0x0000016819c6da60 JavaThread "Unconstrained build operations Thread 33"        [_thread_blocked, id=9312, stack(0x000000563b200000,0x000000563b300000) (1024K)]
  0x0000016819c75080 JavaThread "Unconstrained build operations Thread 34"        [_thread_blocked, id=21460, stack(0x000000563b300000,0x000000563b400000) (1024K)]
  0x0000016819c73640 JavaThread "Unconstrained build operations Thread 35"        [_thread_blocked, id=35052, stack(0x000000563b400000,0x000000563b500000) (1024K)]
  0x0000016817e7ad60 JavaThread "Unconstrained build operations Thread 36"        [_thread_blocked, id=19964, stack(0x000000563b500000,0x000000563b600000) (1024K)]
  0x0000016817e7fc20 JavaThread "Unconstrained build operations Thread 37"        [_thread_blocked, id=34620, stack(0x000000563b600000,0x000000563b700000) (1024K)]
  0x0000016817e82a10 JavaThread "Unconstrained build operations Thread 38"        [_thread_blocked, id=17228, stack(0x000000563b700000,0x000000563b800000) (1024K)]
  0x0000016817e7e870 JavaThread "Unconstrained build operations Thread 39"        [_thread_blocked, id=19136, stack(0x000000563b800000,0x000000563b900000) (1024K)]
  0x0000016817e7c7a0 JavaThread "Unconstrained build operations Thread 40"        [_thread_blocked, id=11296, stack(0x000000563b900000,0x000000563ba00000) (1024K)]
  0x0000016817e7db50 JavaThread "WorkerExecutor Queue Thread 2"        [_thread_blocked, id=21792, stack(0x000000563ba00000,0x000000563bb00000) (1024K)]
  0x0000016817e802b0 JavaThread "RMI Scheduler(0)"           daemon [_thread_blocked, id=24356, stack(0x000000563bb00000,0x000000563bc00000) (1024K)]
  0x0000016817e7c110 JavaThread "RMI GC Daemon"              daemon [_thread_blocked, id=19008, stack(0x000000563bd00000,0x000000563be00000) (1024K)]
  0x0000016817e83730 JavaThread "RMI TCP Accept-0"           daemon [_thread_in_native, id=19116, stack(0x000000563be00000,0x000000563bf00000) (1024K)]
  0x0000016817e83dc0 JavaThread "RMI Reaper"                        [_thread_blocked, id=24808, stack(0x000000563bf00000,0x000000563c000000) (1024K)]
  0x0000016817e7e1e0 JavaThread "Cache worker for Java compile cache (C:\Users\HP\.gradle\caches\9.3.1\javaCompile)"        [_thread_blocked, id=30476, stack(0x000000563bc00000,0x000000563bd00000) (1024K)]
  0x0000016817e84450 JavaThread "Build operations"                  [_thread_blocked, id=22956, stack(0x000000563c300000,0x000000563c400000) (1024K)]
  0x0000016817e7ef00 JavaThread "Build operations Thread 2"         [_thread_blocked, id=8500, stack(0x000000563c400000,0x000000563c500000) (1024K)]
  0x0000016817e7f590 JavaThread "Build operations Thread 3"         [_thread_blocked, id=31016, stack(0x000000563c500000,0x000000563c600000) (1024K)]
Total: 98

Other Threads:
  0x00000167b55bcbb0 VMThread "VM Thread"                           [id=9028, stack(0x0000005635d00000,0x0000005635e00000) (1024K)]
  0x00000167b55ab530 WatcherThread "VM Periodic Task Thread"        [id=35604, stack(0x0000005635c00000,0x0000005635d00000) (1024K)]
  0x00000167b55026e0 WorkerThread "GC Thread#0"                     [id=27932, stack(0x0000005635b00000,0x0000005635c00000) (1024K)]
  0x00000168127eb100 WorkerThread "GC Thread#1"                     [id=33884, stack(0x0000005636800000,0x0000005636900000) (1024K)]
=>0x00000168127eb4b0 WorkerThread "GC Thread#2"                     [id=15624, stack(0x0000005636900000,0x0000005636a00000) (1024K)]
  0x000001681278f7a0 WorkerThread "GC Thread#3"                     [id=35236, stack(0x0000005636a00000,0x0000005636b00000) (1024K)]
Total: 6

Threads with active compile tasks:
C2 CompilerThread0  893233 35768   !   4       java.io.FileOutputStream::write (47 bytes)
Total: 1

VM state: at safepoint (normal execution)

VM Mutex/Monitor currently owned by a thread:  ([mutex/lock_event])
[0x00007ffc52649d20] Threads_lock - owner thread: 0x00000167b55bcbb0
[0x00007ffc52649e20] Heap_lock - owner thread: 0x000001681352f130

Heap address: 0x0000000680000000, size: 6144 MB, Compressed Oops mode: Zero based, Oop shift amount: 3

CDS archive(s) mapped at: [0x00000167d7000000-0x00000167d8c20000-0x00000167d8c20000), size 29491200, SharedBaseAddress: 0x00000167d7000000, ArchiveRelocationMode: 1.
Compressed class space mapped at: 0x00000167d9000000-0x000001680d000000, reserved size: 872415232
Narrow klass base: 0x00000167d7000000, Narrow klass shift: 0, Narrow klass range: 0x100000000

GC Precious Log:
 CardTable entry size: 512
 CPUs: 4 total, 4 available
 Memory: 16304M
 Large Page Support: Disabled
 NUMA Support: Disabled
 Compressed Oops: Enabled (Zero based)
 Alignments: Space 512K, Generation 512K, Heap 2M
 Heap Min Capacity: 8M
 Heap Initial Capacity: 256M
 Heap Max Capacity: 6G
 Pre-touch: Disabled
 Parallel Workers: 4

Heap:
 PSYoungGen      total 1054208K, used 1054128K [0x0000000780000000, 0x00000007ca880000, 0x0000000800000000)
  eden space 1013248K, 100% used [0x0000000780000000,0x00000007bdd80000,0x00000007bdd80000)
  from space 40960K, 99% used [0x00000007c8080000,0x00000007ca86c0c0,0x00000007ca880000)
  to   space 97792K, 39% used [0x00000007be980000,0x00000007c0ee0480,0x00000007c4900000)
 ParOldGen       total 1926144K, used 1926137K [0x0000000680000000, 0x00000006f5900000, 0x0000000780000000)
  object space 1926144K, 99% used [0x0000000680000000,0x00000006f58fe5a0,0x00000006f5900000)
 Metaspace       used 179597K, committed 182208K, reserved 1048576K
  class space    used 23692K, committed 24960K, reserved 851968K

Card table byte_map: [0x00000167c89b0000,0x00000167c95c0000] _byte_map_base: 0x00000167c55b0000

Marking Bits: (ParMarkBitMap*) 0x00007ffc5264ec90
 Begin Bits: [0x00000167c9dc0000, 0x00000167cfdc0000)
 End Bits:   [0x00000167cfdc0000, 0x00000167d5dc0000)

Polling page: 0x00000167b3370000

Metaspace:

Usage:
  Non-class:    152.25 MB used.
      Class:     23.14 MB used.
       Both:    175.39 MB used.

Virtual space:
  Non-class space:      192.00 MB reserved,     153.56 MB ( 80%) committed,  3 nodes.
      Class space:      832.00 MB reserved,      24.38 MB (  3%) committed,  1 nodes.
             Both:        1.00 GB reserved,     177.94 MB ( 17%) committed. 

Chunk freelists:
   Non-Class:  6.47 MB
       Class:  7.45 MB
        Both:  13.92 MB

MaxMetaspaceSize: 1.00 GB
CompressedClassSpaceSize: 832.00 MB
Initial GC threshold: 21.00 MB
Current GC threshold: 296.38 MB
CDS: on
 - commit_granule_bytes: 65536.
 - commit_granule_words: 8192.
 - virtual_space_node_default_size: 8388608.
 - enlarge_chunks_in_place: 1.
 - use_allocation_guard: 0.


Internal statistics:

num_allocs_failed_limit: 12.
num_arena_births: 5224.
num_arena_deaths: 2.
num_vsnodes_births: 4.
num_vsnodes_deaths: 0.
num_space_committed: 2910.
num_space_uncommitted: 18.
num_chunks_returned_to_freelist: 174.
num_chunks_taken_from_freelist: 13251.
num_chunk_merges: 78.
num_chunk_splits: 9246.
num_chunks_enlarged: 6421.
num_inconsistent_stats: 0.

CodeHeap 'non-profiled nmethods': size=120000Kb used=31798Kb max_used=34640Kb free=88202Kb
 bounds [0x00000167c1480000, 0x00000167c3660000, 0x00000167c89b0000]
CodeHeap 'profiled nmethods': size=120000Kb used=46118Kb max_used=61095Kb free=73881Kb
 bounds [0x00000167b99b0000, 0x00000167bd560000, 0x00000167c0ee0000]
CodeHeap 'non-nmethods': size=5760Kb used=2048Kb max_used=2138Kb free=3711Kb
 bounds [0x00000167c0ee0000, 0x00000167c1150000, 0x00000167c1480000]
CodeCache: size=245760Kb, used=79964Kb, max_used=97873Kb, free=165794Kb
 total_blobs=22018, nmethods=20878, adapters=1044, full_count=0
Compilation: enabled, stopped_count=0, restarted_count=0

Compilation events (20 events):
Event: 890.300 Thread 0x00000167b504c3a0 nmethod 35758 0x00000167c17d1b10 code [0x00000167c17d1ce0, 0x00000167c17d1f10]
Event: 890.300 Thread 0x00000167b504c3a0 35759       4       com.sun.tools.javac.comp.Infer$1::visitTypeVar (45 bytes)
Event: 890.303 Thread 0x00000167b504c3a0 nmethod 35759 0x00000167c1f75010 code [0x00000167c1f751c0, 0x00000167c1f753c0]
Event: 891.288 Thread 0x00000167b504c3a0 35760       4       com.sun.tools.javac.code.Types::isSubtypeNoCapture (8 bytes)
Event: 891.308 Thread 0x00000167b504c3a0 nmethod 35760 0x00000167c1882490 code [0x00000167c1882760, 0x00000167c1882ff8]
Event: 891.325 Thread 0x00000167b504c3a0 35761       4       java.util.stream.ReferencePipeline$7$1::begin (13 bytes)
Event: 891.326 Thread 0x00000167b504c3a0 nmethod 35761 0x00000167c1b3f490 code [0x00000167c1b3f620, 0x00000167c1b3f6e0]
Event: 891.459 Thread 0x00000167b504c3a0 35762       4       com.sun.tools.javac.code.Types::cvarLowerBound (31 bytes)
Event: 891.463 Thread 0x00000167b504c3a0 nmethod 35762 0x00000167c2082210 code [0x00000167c20823c0, 0x00000167c2082568]
Event: 891.474 Thread 0x00000167b504d500 35763       3       com.sun.tools.javac.code.Types$$Lambda/0x00000167da83f378::accept (12 bytes)
Event: 891.475 Thread 0x00000167b504d500 nmethod 35763 0x00000167ba116c90 code [0x00000167ba116e60, 0x00000167ba117198]
Event: 891.758 Thread 0x00000167b504d500 35764       3       com.sun.tools.javac.code.Types::isSubtype (183 bytes)
Event: 891.762 Thread 0x00000167b504d500 nmethod 35764 0x00000167bb3b1410 code [0x00000167bb3b1940, 0x00000167bb3b48b8]
Event: 892.410 Thread 0x00000167b504c3a0 35765       4       com.sun.tools.javac.comp.DeferredAttr$DeferredType$SpeculativeCache::put (65 bytes)
Event: 892.417 Thread 0x00000167b504c3a0 nmethod 35765 0x00000167c1605f90 code [0x00000167c1606180, 0x00000167c1606550]
Event: 892.764 Thread 0x00000167b504c3a0 35766       4       com.sun.tools.javac.tree.JCTree$Visitor::visitIndexed (6 bytes)
Event: 892.767 Thread 0x00000167b504c3a0 nmethod 35766 0x00000167c213e390 code [0x00000167c213e540, 0x00000167c213e6a8]
Event: 892.772 Thread 0x00000167b504c3a0 35767       4       com.sun.tools.javac.comp.Flow$AliveAnalyzer::visitForLoop (145 bytes)
Event: 892.865 Thread 0x00000167b504c3a0 nmethod 35767 0x00000167c1a76810 code [0x00000167c1a76be0, 0x00000167c1a78488]
Event: 892.955 Thread 0x00000167b504c3a0 35768   !   4       java.io.FileOutputStream::write (47 bytes)

GC Heap History (20 events):
Event: 502.274 GC heap after
{Heap after GC invocations=113 (full 7):
 PSYoungGen      total 978944K, used 12880K [0x0000000780000000, 0x00000007c3500000, 0x0000000800000000)
  eden space 855040K, 0% used [0x0000000780000000,0x0000000780000000,0x00000007b4300000)
  from space 123904K, 10% used [0x00000007bbc00000,0x00000007bc894040,0x00000007c3500000)
  to   space 123904K, 0% used [0x00000007b4300000,0x00000007b4300000,0x00000007bbc00000)
 ParOldGen       total 1672192K, used 1656215K [0x0000000680000000, 0x00000006e6100000, 0x0000000780000000)
  object space 1672192K, 99% used [0x0000000680000000,0x00000006e5165e38,0x00000006e6100000)
 Metaspace       used 178773K, committed 181376K, reserved 1048576K
  class space    used 23635K, committed 24896K, reserved 851968K
}
Event: 540.651 GC heap before
{Heap before GC invocations=114 (full 7):
 PSYoungGen      total 978944K, used 867920K [0x0000000780000000, 0x00000007c3500000, 0x0000000800000000)
  eden space 855040K, 100% used [0x0000000780000000,0x00000007b4300000,0x00000007b4300000)
  from space 123904K, 10% used [0x00000007bbc00000,0x00000007bc894040,0x00000007c3500000)
  to   space 123904K, 0% used [0x00000007b4300000,0x00000007b4300000,0x00000007bbc00000)
 ParOldGen       total 1672192K, used 1656215K [0x0000000680000000, 0x00000006e6100000, 0x0000000780000000)
  object space 1672192K, 99% used [0x0000000680000000,0x00000006e5165e38,0x00000006e6100000)
 Metaspace       used 178971K, committed 181632K, reserved 1048576K
  class space    used 23650K, committed 24960K, reserved 851968K
}
Event: 540.775 GC heap after
{Heap after GC invocations=114 (full 7):
 PSYoungGen      total 978944K, used 22752K [0x0000000780000000, 0x00000007cd600000, 0x0000000800000000)
  eden space 855040K, 0% used [0x0000000780000000,0x0000000780000000,0x00000007b4300000)
  from space 123904K, 18% used [0x00000007b4300000,0x00000007b5938010,0x00000007bbc00000)
  to   space 120832K, 0% used [0x00000007c6000000,0x00000007c6000000,0x00000007cd600000)
 ParOldGen       total 1672192K, used 1668399K [0x0000000680000000, 0x00000006e6100000, 0x0000000780000000)
  object space 1672192K, 99% used [0x0000000680000000,0x00000006e5d4be88,0x00000006e6100000)
 Metaspace       used 178971K, committed 181632K, reserved 1048576K
  class space    used 23650K, committed 24960K, reserved 851968K
}
Event: 577.037 GC heap before
{Heap before GC invocations=115 (full 7):
 PSYoungGen      total 978944K, used 877792K [0x0000000780000000, 0x00000007cd600000, 0x0000000800000000)
  eden space 855040K, 100% used [0x0000000780000000,0x00000007b4300000,0x00000007b4300000)
  from space 123904K, 18% used [0x00000007b4300000,0x00000007b5938010,0x00000007bbc00000)
  to   space 120832K, 0% used [0x00000007c6000000,0x00000007c6000000,0x00000007cd600000)
 ParOldGen       total 1672192K, used 1668399K [0x0000000680000000, 0x00000006e6100000, 0x0000000780000000)
  object space 1672192K, 99% used [0x0000000680000000,0x00000006e5d4be88,0x00000006e6100000)
 Metaspace       used 179341K, committed 181952K, reserved 1048576K
  class space    used 23669K, committed 24960K, reserved 851968K
}
Event: 577.390 GC heap after
{Heap after GC invocations=115 (full 7):
 PSYoungGen      total 1144832K, used 72368K [0x0000000780000000, 0x00000007cda00000, 0x0000000800000000)
  eden space 1024000K, 0% used [0x0000000780000000,0x0000000780000000,0x00000007be800000)
  from space 120832K, 59% used [0x00000007c6000000,0x00000007ca6ac080,0x00000007cd600000)
  to   space 122880K, 0% used [0x00000007be800000,0x00000007be800000,0x00000007c6000000)
 ParOldGen       total 1688576K, used 1688420K [0x0000000680000000, 0x00000006e7100000, 0x0000000780000000)
  object space 1688576K, 99% used [0x0000000680000000,0x00000006e70d9098,0x00000006e7100000)
 Metaspace       used 179341K, committed 181952K, reserved 1048576K
  class space    used 23669K, committed 24960K, reserved 851968K
}
Event: 616.944 GC heap before
{Heap before GC invocations=116 (full 7):
 PSYoungGen      total 1144832K, used 1096368K [0x0000000780000000, 0x00000007cda00000, 0x0000000800000000)
  eden space 1024000K, 100% used [0x0000000780000000,0x00000007be800000,0x00000007be800000)
  from space 120832K, 59% used [0x00000007c6000000,0x00000007ca6ac080,0x00000007cd600000)
  to   space 122880K, 0% used [0x00000007be800000,0x00000007be800000,0x00000007c6000000)
 ParOldGen       total 1688576K, used 1688420K [0x0000000680000000, 0x00000006e7100000, 0x0000000780000000)
  object space 1688576K, 99% used [0x0000000680000000,0x00000006e70d9098,0x00000006e7100000)
 Metaspace       used 179409K, committed 182016K, reserved 1048576K
  class space    used 23683K, committed 24960K, reserved 851968K
}
Event: 617.325 GC heap after
{Heap after GC invocations=116 (full 7):
 PSYoungGen      total 1146880K, used 54672K [0x0000000780000000, 0x00000007d9600000, 0x0000000800000000)
  eden space 1024000K, 0% used [0x0000000780000000,0x0000000780000000,0x00000007be800000)
  from space 122880K, 44% used [0x00000007be800000,0x00000007c1d640c0,0x00000007c6000000)
  to   space 117760K, 0% used [0x00000007d2300000,0x00000007d2300000,0x00000007d9600000)
 ParOldGen       total 1756672K, used 1756366K [0x0000000680000000, 0x00000006eb380000, 0x0000000780000000)
  object space 1756672K, 99% used [0x0000000680000000,0x00000006eb333828,0x00000006eb380000)
 Metaspace       used 179409K, committed 182016K, reserved 1048576K
  class space    used 23683K, committed 24960K, reserved 851968K
}
Event: 644.287 GC heap before
{Heap before GC invocations=117 (full 7):
 PSYoungGen      total 1146880K, used 436943K [0x0000000780000000, 0x00000007d9600000, 0x0000000800000000)
  eden space 1024000K, 37% used [0x0000000780000000,0x000000079754fe58,0x00000007be800000)
  from space 122880K, 44% used [0x00000007be800000,0x00000007c1d640c0,0x00000007c6000000)
  to   space 117760K, 0% used [0x00000007d2300000,0x00000007d2300000,0x00000007d9600000)
 ParOldGen       total 1756672K, used 1756366K [0x0000000680000000, 0x00000006eb380000, 0x0000000780000000)
  object space 1756672K, 99% used [0x0000000680000000,0x00000006eb333828,0x00000006eb380000)
 Metaspace       used 179439K, committed 182080K, reserved 1048576K
  class space    used 23686K, committed 24960K, reserved 851968K
}
Event: 644.472 GC heap after
{Heap after GC invocations=117 (full 7):
 PSYoungGen      total 1346048K, used 6528K [0x0000000780000000, 0x00000007d9700000, 0x0000000800000000)
  eden space 1228288K, 0% used [0x0000000780000000,0x0000000780000000,0x00000007caf80000)
  from space 117760K, 5% used [0x00000007d2300000,0x00000007d2960020,0x00000007d9600000)
  to   space 118272K, 0% used [0x00000007caf80000,0x00000007caf80000,0x00000007d2300000)
 ParOldGen       total 1807872K, used 1807749K [0x0000000680000000, 0x00000006ee580000, 0x0000000780000000)
  object space 1807872K, 99% used [0x0000000680000000,0x00000006ee5614e8,0x00000006ee580000)
 Metaspace       used 179439K, committed 182080K, reserved 1048576K
  class space    used 23686K, committed 24960K, reserved 851968K
}
Event: 644.472 GC heap before
{Heap before GC invocations=118 (full 8):
 PSYoungGen      total 1346048K, used 6528K [0x0000000780000000, 0x00000007d9700000, 0x0000000800000000)
  eden space 1228288K, 0% used [0x0000000780000000,0x0000000780000000,0x00000007caf80000)
  from space 117760K, 5% used [0x00000007d2300000,0x00000007d2960020,0x00000007d9600000)
  to   space 118272K, 0% used [0x00000007caf80000,0x00000007caf80000,0x00000007d2300000)
 ParOldGen       total 1807872K, used 1807749K [0x0000000680000000, 0x00000006ee580000, 0x0000000780000000)
  object space 1807872K, 99% used [0x0000000680000000,0x00000006ee5614e8,0x00000006ee580000)
 Metaspace       used 179439K, committed 182080K, reserved 1048576K
  class space    used 23686K, committed 24960K, reserved 851968K
}
Event: 650.355 GC heap after
{Heap after GC invocations=118 (full 8):
 PSYoungGen      total 1346048K, used 0K [0x0000000780000000, 0x00000007d9700000, 0x0000000800000000)
  eden space 1228288K, 0% used [0x0000000780000000,0x0000000780000000,0x00000007caf80000)
  from space 117760K, 0% used [0x00000007d2300000,0x00000007d2300000,0x00000007d9600000)
  to   space 118272K, 0% used [0x00000007caf80000,0x00000007caf80000,0x00000007d2300000)
 ParOldGen       total 1807872K, used 1792276K [0x0000000680000000, 0x00000006ee580000, 0x0000000780000000)
  object space 1807872K, 99% used [0x0000000680000000,0x00000006ed6451a8,0x00000006ee580000)
 Metaspace       used 179439K, committed 182080K, reserved 1048576K
  class space    used 23686K, committed 24960K, reserved 851968K
}
Event: 689.182 GC heap before
{Heap before GC invocations=119 (full 8):
 PSYoungGen      total 1346048K, used 1228288K [0x0000000780000000, 0x00000007d9700000, 0x0000000800000000)
  eden space 1228288K, 100% used [0x0000000780000000,0x00000007caf80000,0x00000007caf80000)
  from space 117760K, 0% used [0x00000007d2300000,0x00000007d2300000,0x00000007d9600000)
  to   space 118272K, 0% used [0x00000007caf80000,0x00000007caf80000,0x00000007d2300000)
 ParOldGen       total 1807872K, used 1792276K [0x0000000680000000, 0x00000006ee580000, 0x0000000780000000)
  object space 1807872K, 99% used [0x0000000680000000,0x00000006ed6451a8,0x00000006ee580000)
 Metaspace       used 179489K, committed 182144K, reserved 1048576K
  class space    used 23688K, committed 24960K, reserved 851968K
}
Event: 689.361 GC heap after
{Heap after GC invocations=119 (full 8):
 PSYoungGen      total 1211904K, used 41136K [0x0000000780000000, 0x00000007d5100000, 0x0000000800000000)
  eden space 1170432K, 0% used [0x0000000780000000,0x0000000780000000,0x00000007c7700000)
  from space 41472K, 99% used [0x00000007caf80000,0x00000007cd7ac130,0x00000007cd800000)
  to   space 111616K, 0% used [0x00000007ce400000,0x00000007ce400000,0x00000007d5100000)
 ParOldGen       total 1807872K, used 1792276K [0x0000000680000000, 0x00000006ee580000, 0x0000000780000000)
  object space 1807872K, 99% used [0x0000000680000000,0x00000006ed6451a8,0x00000006ee580000)
 Metaspace       used 179489K, committed 182144K, reserved 1048576K
  class space    used 23688K, committed 24960K, reserved 851968K
}
Event: 731.536 GC heap before
{Heap before GC invocations=120 (full 8):
 PSYoungGen      total 1211904K, used 1211568K [0x0000000780000000, 0x00000007d5100000, 0x0000000800000000)
  eden space 1170432K, 100% used [0x0000000780000000,0x00000007c7700000,0x00000007c7700000)
  from space 41472K, 99% used [0x00000007caf80000,0x00000007cd7ac130,0x00000007cd800000)
  to   space 111616K, 0% used [0x00000007ce400000,0x00000007ce400000,0x00000007d5100000)
 ParOldGen       total 1807872K, used 1792276K [0x0000000680000000, 0x00000006ee580000, 0x0000000780000000)
  object space 1807872K, 99% used [0x0000000680000000,0x00000006ed6451a8,0x00000006ee580000)
 Metaspace       used 179527K, committed 182144K, reserved 1048576K
  class space    used 23688K, committed 24960K, reserved 851968K
}
Event: 731.775 GC heap after
{Heap after GC invocations=120 (full 8):
 PSYoungGen      total 1159168K, used 42080K [0x0000000780000000, 0x00000007d0f00000, 0x0000000800000000)
  eden space 1115136K, 0% used [0x0000000780000000,0x0000000780000000,0x00000007c4100000)
  from space 44032K, 95% used [0x00000007ce400000,0x00000007d0d18090,0x00000007d0f00000)
  to   space 105472K, 0% used [0x00000007c4100000,0x00000007c4100000,0x00000007ca800000)
 ParOldGen       total 1832448K, used 1832320K [0x0000000680000000, 0x00000006efd80000, 0x0000000780000000)
  object space 1832448K, 99% used [0x0000000680000000,0x00000006efd603b8,0x00000006efd80000)
 Metaspace       used 179527K, committed 182144K, reserved 1048576K
  class space    used 23688K, committed 24960K, reserved 851968K
}
Event: 776.456 GC heap before
{Heap before GC invocations=121 (full 8):
 PSYoungGen      total 1159168K, used 1157216K [0x0000000780000000, 0x00000007d0f00000, 0x0000000800000000)
  eden space 1115136K, 100% used [0x0000000780000000,0x00000007c4100000,0x00000007c4100000)
  from space 44032K, 95% used [0x00000007ce400000,0x00000007d0d18090,0x00000007d0f00000)
  to   space 105472K, 0% used [0x00000007c4100000,0x00000007c4100000,0x00000007ca800000)
 ParOldGen       total 1832448K, used 1832320K [0x0000000680000000, 0x00000006efd80000, 0x0000000780000000)
  object space 1832448K, 99% used [0x0000000680000000,0x00000006efd603b8,0x00000006efd80000)
 Metaspace       used 179544K, committed 182144K, reserved 1048576K
  class space    used 23689K, committed 24960K, reserved 851968K
}
Event: 776.718 GC heap after
{Heap after GC invocations=121 (full 8):
 PSYoungGen      total 1116160K, used 53058K [0x0000000780000000, 0x00000007ce480000, 0x0000000800000000)
  eden space 1062912K, 0% used [0x0000000780000000,0x0000000780000000,0x00000007c0e00000)
  from space 53248K, 99% used [0x00000007c4100000,0x00000007c74d0930,0x00000007c7500000)
  to   space 102400K, 0% used [0x00000007c8080000,0x00000007c8080000,0x00000007ce480000)
 ParOldGen       total 1873408K, used 1872909K [0x0000000680000000, 0x00000006f2580000, 0x0000000780000000)
  object space 1873408K, 99% used [0x0000000680000000,0x00000006f25037f0,0x00000006f2580000)
 Metaspace       used 179544K, committed 182144K, reserved 1048576K
  class space    used 23689K, committed 24960K, reserved 851968K
}
Event: 835.827 GC heap before
{Heap before GC invocations=122 (full 8):
 PSYoungGen      total 1116160K, used 1115970K [0x0000000780000000, 0x00000007ce480000, 0x0000000800000000)
  eden space 1062912K, 100% used [0x0000000780000000,0x00000007c0e00000,0x00000007c0e00000)
  from space 53248K, 99% used [0x00000007c4100000,0x00000007c74d0930,0x00000007c7500000)
  to   space 102400K, 0% used [0x00000007c8080000,0x00000007c8080000,0x00000007ce480000)
 ParOldGen       total 1873408K, used 1872909K [0x0000000680000000, 0x00000006f2580000, 0x0000000780000000)
  object space 1873408K, 99% used [0x0000000680000000,0x00000006f25037f0,0x00000006f2580000)
 Metaspace       used 179577K, committed 182208K, reserved 1048576K
  class space    used 23691K, committed 24960K, reserved 851968K
}
Event: 836.062 GC heap after
{Heap after GC invocations=122 (full 8):
 PSYoungGen      total 1054208K, used 40880K [0x0000000780000000, 0x00000007ca880000, 0x0000000800000000)
  eden space 1013248K, 0% used [0x0000000780000000,0x0000000780000000,0x00000007bdd80000)
  from space 40960K, 99% used [0x00000007c8080000,0x00000007ca86c0c0,0x00000007ca880000)
  to   space 97792K, 0% used [0x00000007be980000,0x00000007be980000,0x00000007c4900000)
 ParOldGen       total 1925120K, used 1925041K [0x0000000680000000, 0x00000006f5800000, 0x0000000780000000)
  object space 1925120K, 99% used [0x0000000680000000,0x00000006f57ec580,0x00000006f5800000)
 Metaspace       used 179577K, committed 182208K, reserved 1048576K
  class space    used 23691K, committed 24960K, reserved 851968K
}
Event: 892.957 GC heap before
{Heap before GC invocations=123 (full 8):
 PSYoungGen      total 1054208K, used 1054128K [0x0000000780000000, 0x00000007ca880000, 0x0000000800000000)
  eden space 1013248K, 100% used [0x0000000780000000,0x00000007bdd80000,0x00000007bdd80000)
  from space 40960K, 99% used [0x00000007c8080000,0x00000007ca86c0c0,0x00000007ca880000)
  to   space 97792K, 0% used [0x00000007be980000,0x00000007be980000,0x00000007c4900000)
 ParOldGen       total 1925120K, used 1925041K [0x0000000680000000, 0x00000006f5800000, 0x0000000780000000)
  object space 1925120K, 99% used [0x0000000680000000,0x00000006f57ec580,0x00000006f5800000)
 Metaspace       used 179597K, committed 182208K, reserved 1048576K
  class space    used 23692K, committed 24960K, reserved 851968K
}

Dll operation events (5 events):
Event: 0.022 Loaded shared library C:\Users\HP\.gradle\jdks\jetbrains_s_r_o_-21-amd64-windows.2\bin\java.dll
Event: 0.124 Loaded shared library C:\Users\HP\.gradle\jdks\jetbrains_s_r_o_-21-amd64-windows.2\bin\jsvml.dll
Event: 0.190 Loaded shared library C:\Users\HP\.gradle\jdks\jetbrains_s_r_o_-21-amd64-windows.2\bin\zip.dll
Event: 1.977 Loaded shared library C:\Users\HP\.gradle\jdks\jetbrains_s_r_o_-21-amd64-windows.2\bin\verify.dll
Event: 332.728 Unloaded dll "C:\Users\HP\AppData\Local\Temp\sqlite-3.41.2.2-85ddcc36-a8ac-4a64-bd6f-43a4d2e6a40c-sqlitejdbc.dll" [0x00007ffc810d0000]

Deoptimization events (20 events):
Event: 892.936 Thread 0x00000168157d3240 Uncommon trap: trap_request=0xffffff45 fr.pc=0x00000167c29e6df0 relative=0x0000000000001d30
Event: 892.936 Thread 0x00000168157d3240 Uncommon trap: reason=unstable_if action=reinterpret pc=0x00000167c29e6df0 method=com.sun.tools.javac.util.JCDiagnostic$DiagnosticInfo.of(Lcom/sun/tools/javac/util/JCDiagnostic$DiagnosticType;Ljava/lang/String;Ljava/lang/String;[Ljava/lang/Object;)Lcom/su
Event: 892.936 Thread 0x00000168157d3240 DEOPT PACKING pc=0x00000167c29e6df0 sp=0x00000056394f8610
Event: 892.936 Thread 0x00000168157d3240 DEOPT UNPACKING pc=0x00000167c0f33aa2 sp=0x00000056394f8548 mode 2
Event: 892.953 Thread 0x00000168157d3240 Uncommon trap: trap_request=0xffffffde fr.pc=0x00000167c24d30e4 relative=0x0000000000000364
Event: 892.953 Thread 0x00000168157d3240 Uncommon trap: reason=class_check action=maybe_recompile pc=0x00000167c24d30e4 method=java.lang.AbstractStringBuilder.append(Ljava/lang/CharSequence;)Ljava/lang/AbstractStringBuilder; @ 26 c2
Event: 892.953 Thread 0x00000168157d3240 DEOPT PACKING pc=0x00000167c24d30e4 sp=0x00000056394f7cb0
Event: 892.953 Thread 0x00000168157d3240 DEOPT UNPACKING pc=0x00000167c0f33aa2 sp=0x00000056394f7c28 mode 2
Event: 892.953 Thread 0x00000168157d3240 Uncommon trap: trap_request=0xffffffde fr.pc=0x00000167c153e084 relative=0x0000000000000484
Event: 892.953 Thread 0x00000168157d3240 Uncommon trap: reason=class_check action=maybe_recompile pc=0x00000167c153e084 method=java.lang.AbstractStringBuilder.append(Ljava/lang/CharSequence;II)Ljava/lang/AbstractStringBuilder; @ 10 c2
Event: 892.953 Thread 0x00000168157d3240 DEOPT PACKING pc=0x00000167c153e084 sp=0x00000056394f7b30
Event: 892.953 Thread 0x00000168157d3240 DEOPT UNPACKING pc=0x00000167c0f33aa2 sp=0x00000056394f7aa0 mode 2
Event: 892.953 Thread 0x00000168157d3240 Uncommon trap: trap_request=0xffffffde fr.pc=0x00000167c24d30e4 relative=0x0000000000000364
Event: 892.953 Thread 0x00000168157d3240 Uncommon trap: reason=class_check action=maybe_recompile pc=0x00000167c24d30e4 method=java.lang.AbstractStringBuilder.append(Ljava/lang/CharSequence;)Ljava/lang/AbstractStringBuilder; @ 26 c2
Event: 892.953 Thread 0x00000168157d3240 DEOPT PACKING pc=0x00000167c24d30e4 sp=0x00000056394f7bd0
Event: 892.953 Thread 0x00000168157d3240 DEOPT UNPACKING pc=0x00000167c0f33aa2 sp=0x00000056394f7b48 mode 2
Event: 892.954 Thread 0x00000168157d3240 Uncommon trap: trap_request=0xffffffde fr.pc=0x00000167c153e084 relative=0x0000000000000484
Event: 892.954 Thread 0x00000168157d3240 Uncommon trap: reason=class_check action=maybe_recompile pc=0x00000167c153e084 method=java.lang.AbstractStringBuilder.append(Ljava/lang/CharSequence;II)Ljava/lang/AbstractStringBuilder; @ 10 c2
Event: 892.954 Thread 0x00000168157d3240 DEOPT PACKING pc=0x00000167c153e084 sp=0x00000056394f7a50
Event: 892.954 Thread 0x00000168157d3240 DEOPT UNPACKING pc=0x00000167c0f33aa2 sp=0x00000056394f79c0 mode 2

Classes loaded (20 events):
Event: 207.928 Loading class sun/rmi/transport/tcp/TCPTransport$ConnectionHandler
Event: 207.929 Loading class sun/rmi/transport/tcp/TCPTransport$ConnectionHandler done
Event: 207.940 Loading class sun/rmi/transport/Transport$1
Event: 207.940 Loading class sun/rmi/transport/Transport$1 done
Event: 207.941 Loading class sun/rmi/transport/DGCImpl$LeaseInfo
Event: 207.942 Loading class sun/rmi/transport/DGCImpl$LeaseInfo done
Event: 207.942 Loading class sun/rmi/transport/DGCImpl$1
Event: 207.942 Loading class sun/rmi/transport/DGCImpl$1 done
Event: 207.942 Loading class sun/rmi/transport/SequenceEntry
Event: 207.942 Loading class sun/rmi/transport/SequenceEntry done
Event: 224.163 Loading class sun/rmi/transport/DGCClient$EndpointEntry$CleanRequest
Event: 224.163 Loading class sun/rmi/transport/DGCClient$EndpointEntry$CleanRequest done
Event: 326.154 Loading class java/nio/file/ProviderNotFoundException
Event: 326.154 Loading class java/nio/file/ProviderNotFoundException done
Event: 326.362 Loading class java/util/JumboEnumSet
Event: 326.363 Loading class java/util/JumboEnumSet done
Event: 326.394 Loading class java/util/JumboEnumSet$EnumSetIterator
Event: 326.394 Loading class java/util/JumboEnumSet$EnumSetIterator done
Event: 422.174 Loading class java/util/function/ToIntBiFunction
Event: 422.174 Loading class java/util/function/ToIntBiFunction done

Classes unloaded (20 events):
Event: 328.831 Thread 0x00000167b55bcbb0 Unloading class 0x00000167da5dd000 'dagger/spi/internal/shaded/androidx/room3/compiler/processing/XProcessingStep'
Event: 328.831 Thread 0x00000167b55bcbb0 Unloading class 0x00000167d9f93c90 'dagger/hilt/processor/internal/uninstallmodules/KspUninstallModulesProcessor'
Event: 328.831 Thread 0x00000167b55bcbb0 Unloading class 0x00000167d9f939c8 'dagger/hilt/processor/internal/KspBaseProcessingStepProcessor'
Event: 328.831 Thread 0x00000167b55bcbb0 Unloading class 0x00000167d9f93708 'dagger/spi/internal/shaded/androidx/room3/compiler/processing/ksp/KspBasicAnnotationProcessor'
Event: 328.831 Thread 0x00000167b55bcbb0 Unloading class 0x00000167d9f934d8 'dagger/spi/internal/shaded/androidx/room3/compiler/processing/XBasicAnnotationProcessor'
Event: 328.831 Thread 0x00000167b55bcbb0 Unloading class 0x00000167d9f93280 'dagger/internal/codegen/KspComponentProcessor$Provider'
Event: 328.831 Thread 0x00000167b55bcbb0 Unloading class 0x00000167d9f93030 'androidx/room/RoomKspProcessor$Provider'
Event: 328.831 Thread 0x00000167b55bcbb0 Unloading class 0x00000167d9f92de0 'dagger/hilt/android/processor/internal/customtestapplication/KspCustomTestApplicationProcessor$Provider'
Event: 328.831 Thread 0x00000167b55bcbb0 Unloading class 0x00000167d9f92b90 'dagger/hilt/processor/internal/generatesrootinput/KspGeneratesRootInputProcessor$Provider'
Event: 328.831 Thread 0x00000167b55bcbb0 Unloading class 0x00000167d9f92940 'dagger/hilt/processor/internal/aggregateddeps/KspAggregatedDepsProcessor$Provider'
Event: 328.831 Thread 0x00000167b55bcbb0 Unloading class 0x00000167d9f926f0 'dagger/hilt/processor/internal/aliasof/KspAliasOfProcessor$Provider'
Event: 328.831 Thread 0x00000167b55bcbb0 Unloading class 0x00000167d9f924a0 'dagger/hilt/processor/internal/root/KspRootProcessor$Provider'
Event: 328.831 Thread 0x00000167b55bcbb0 Unloading class 0x00000167d9f92250 'dagger/hilt/processor/internal/root/KspComponentTreeDepsProcessor$Provider'
Event: 328.831 Thread 0x00000167b55bcbb0 Unloading class 0x00000167d9f92000 'dagger/hilt/android/processor/internal/bindvalue/KspBindValueProcessor$Provider'
Event: 328.831 Thread 0x00000167b55bcbb0 Unloading class 0x00000167d9f91b90 'dagger/hilt/processor/internal/originatingelement/KspOriginatingElementProcessor$Provider'
Event: 328.831 Thread 0x00000167b55bcbb0 Unloading class 0x00000167d9f91940 'dagger/hilt/processor/internal/definecomponent/KspDefineComponentProcessor$Provider'
Event: 328.831 Thread 0x00000167b55bcbb0 Unloading class 0x00000167d9f916f0 'dagger/hilt/android/processor/internal/androidentrypoint/KspAndroidEntryPointProcessor$Provider'
Event: 328.831 Thread 0x00000167b55bcbb0 Unloading class 0x00000167d9f914a0 'dagger/hilt/processor/internal/earlyentrypoint/KspEarlyEntryPointProcessor$Provider'
Event: 328.831 Thread 0x00000167b55bcbb0 Unloading class 0x00000167d9f91250 'dagger/hilt/android/processor/internal/viewmodel/KspViewModelProcessor$Provider'
Event: 328.831 Thread 0x00000167b55bcbb0 Unloading class 0x00000167d9f91000 'dagger/hilt/processor/internal/uninstallmodules/KspUninstallModulesProcessor$Provider'

Classes redefined (0 events):
No events

Internal exceptions (20 events):
Event: 892.525 Thread 0x00000168157d3240 Exception <a 'sun/nio/fs/WindowsException'{0x00000007bc59f948}> (0x00000007bc59f948) 
thrown [s\src\hotspot\share\prims\jni.cpp, line 537]
Event: 892.602 Thread 0x00000168157d3240 Exception <a 'sun/nio/fs/WindowsException'{0x00000007bc5a86a8}> (0x00000007bc5a86a8) 
thrown [s\src\hotspot\share\prims\jni.cpp, line 537]
Event: 892.604 Thread 0x00000168157d3240 Exception <a 'sun/nio/fs/WindowsException'{0x00000007bc5b4ad8}> (0x00000007bc5b4ad8) 
thrown [s\src\hotspot\share\prims\jni.cpp, line 537]
Event: 892.608 Thread 0x00000168157d3240 Exception <a 'sun/nio/fs/WindowsException'{0x00000007bc5c07c0}> (0x00000007bc5c07c0) 
thrown [s\src\hotspot\share\prims\jni.cpp, line 537]
Event: 892.610 Thread 0x00000168157d3240 Exception <a 'sun/nio/fs/WindowsException'{0x00000007bc5c8d48}> (0x00000007bc5c8d48) 
thrown [s\src\hotspot\share\prims\jni.cpp, line 537]
Event: 892.614 Thread 0x00000168157d3240 Exception <a 'sun/nio/fs/WindowsException'{0x00000007bc5d3ec0}> (0x00000007bc5d3ec0) 
thrown [s\src\hotspot\share\prims\jni.cpp, line 537]
Event: 892.616 Thread 0x00000168157d3240 Exception <a 'sun/nio/fs/WindowsException'{0x00000007bc5df6c0}> (0x00000007bc5df6c0) 
thrown [s\src\hotspot\share\prims\jni.cpp, line 537]
Event: 892.619 Thread 0x00000168157d3240 Exception <a 'sun/nio/fs/WindowsException'{0x00000007bc5ea798}> (0x00000007bc5ea798) 
thrown [s\src\hotspot\share\prims\jni.cpp, line 537]
Event: 892.623 Thread 0x00000168157d3240 Exception <a 'sun/nio/fs/WindowsException'{0x00000007bc632550}> (0x00000007bc632550) 
thrown [s\src\hotspot\share\prims\jni.cpp, line 537]
Event: 892.627 Thread 0x00000168157d3240 Exception <a 'sun/nio/fs/WindowsException'{0x00000007bc6503a8}> (0x00000007bc6503a8) 
thrown [s\src\hotspot\share\prims\jni.cpp, line 537]
Event: 892.650 Thread 0x00000168157d3240 Exception <a 'sun/nio/fs/WindowsException'{0x00000007bc763b10}> (0x00000007bc763b10) 
thrown [s\src\hotspot\share\prims\jni.cpp, line 537]
Event: 892.667 Thread 0x00000168157d3240 Exception <a 'sun/nio/fs/WindowsException'{0x00000007bc798138}> (0x00000007bc798138) 
thrown [s\src\hotspot\share\prims\jni.cpp, line 537]
Event: 892.894 Thread 0x00000168157d3240 Exception <a 'sun/nio/fs/WindowsException'{0x00000007bd4953b0}> (0x00000007bd4953b0) 
thrown [s\src\hotspot\share\prims\jni.cpp, line 537]
Event: 892.922 Thread 0x00000168157d3240 Exception <a 'sun/nio/fs/WindowsException'{0x00000007bd4b8480}> (0x00000007bd4b8480) 
thrown [s\src\hotspot\share\prims\jni.cpp, line 537]
Event: 892.925 Thread 0x00000168157d3240 Exception <a 'sun/nio/fs/WindowsException'{0x00000007bd4db878}> (0x00000007bd4db878) 
thrown [s\src\hotspot\share\prims\jni.cpp, line 537]
Event: 892.927 Thread 0x00000168157d3240 Exception <a 'sun/nio/fs/WindowsException'{0x00000007bd4eb308}> (0x00000007bd4eb308) 
thrown [s\src\hotspot\share\prims\jni.cpp, line 537]
Event: 892.929 Thread 0x00000168157d3240 Exception <a 'sun/nio/fs/WindowsException'{0x00000007bd4f5780}> (0x00000007bd4f5780) 
thrown [s\src\hotspot\share\prims\jni.cpp, line 537]
Event: 892.931 Thread 0x00000168157d3240 Exception <a 'sun/nio/fs/WindowsException'{0x00000007bd4fe558}> (0x00000007bd4fe558) 
thrown [s\src\hotspot\share\prims\jni.cpp, line 537]
Event: 892.934 Thread 0x00000168157d3240 Exception <a 'sun/nio/fs/WindowsException'{0x00000007bd506df8}> (0x00000007bd506df8) 
thrown [s\src\hotspot\share\prims\jni.cpp, line 537]
Event: 892.935 Thread 0x00000168157d3240 Exception <a 'java/io/IOException'{0x00000007bd50ade8}> (0x00000007bd50ade8) 
thrown [s\src\hotspot\share\prims\jni.cpp, line 537]

ZGC Phase Switch (0 events):
No events

VM Operations (20 events):
Event: 870.136 Executing safepoint VM operation: Cleanup done
Event: 871.136 Executing safepoint VM operation: Cleanup
Event: 871.139 Executing safepoint VM operation: Cleanup done
Event: 872.140 Executing safepoint VM operation: Cleanup
Event: 872.140 Executing safepoint VM operation: Cleanup done
Event: 877.141 Executing safepoint VM operation: Cleanup
Event: 877.142 Executing safepoint VM operation: Cleanup done
Event: 878.142 Executing safepoint VM operation: Cleanup
Event: 878.143 Executing safepoint VM operation: Cleanup done
Event: 885.147 Executing safepoint VM operation: Cleanup
Event: 885.147 Executing safepoint VM operation: Cleanup done
Event: 888.149 Executing safepoint VM operation: Cleanup
Event: 888.149 Executing safepoint VM operation: Cleanup done
Event: 890.149 Executing safepoint VM operation: Cleanup
Event: 890.154 Executing safepoint VM operation: Cleanup done
Event: 891.154 Executing safepoint VM operation: Cleanup
Event: 891.161 Executing safepoint VM operation: Cleanup done
Event: 892.162 Executing safepoint VM operation: Cleanup
Event: 892.162 Executing safepoint VM operation: Cleanup done
Event: 892.957 Executing safepoint VM operation: ParallelGCFailedAllocation (Allocation Failure)

Memory protections (0 events):
No events

Nmethod flushes (20 events):
Event: 646.275 Thread 0x00000167b55bcbb0 flushing  nmethod 0x00000167bd435f90
Event: 646.275 Thread 0x00000167b55bcbb0 flushing  nmethod 0x00000167bd438710
Event: 646.275 Thread 0x00000167b55bcbb0 flushing  nmethod 0x00000167bd438b90
Event: 646.275 Thread 0x00000167b55bcbb0 flushing  nmethod 0x00000167bd439510
Event: 646.275 Thread 0x00000167b55bcbb0 flushing  nmethod 0x00000167bd48ba90
Event: 646.275 Thread 0x00000167b55bcbb0 flushing  nmethod 0x00000167bd48bf90
Event: 646.275 Thread 0x00000167b55bcbb0 flushing  nmethod 0x00000167bd48c410
Event: 646.275 Thread 0x00000167b55bcbb0 flushing  nmethod 0x00000167bd48db10
Event: 646.275 Thread 0x00000167b55bcbb0 flushing  nmethod 0x00000167bd48e290
Event: 646.275 Thread 0x00000167b55bcbb0 flushing  nmethod 0x00000167bd498e10
Event: 646.275 Thread 0x00000167b55bcbb0 flushing  nmethod 0x00000167bd499610
Event: 646.275 Thread 0x00000167b55bcbb0 flushing  nmethod 0x00000167bd499b10
Event: 646.275 Thread 0x00000167b55bcbb0 flushing  nmethod 0x00000167bd49af90
Event: 646.275 Thread 0x00000167b55bcbb0 flushing  nmethod 0x00000167bd49e190
Event: 646.275 Thread 0x00000167b55bcbb0 flushing  nmethod 0x00000167bd4a5c90
Event: 646.275 Thread 0x00000167b55bcbb0 flushing  nmethod 0x00000167bd4a7790
Event: 646.275 Thread 0x00000167b55bcbb0 flushing  nmethod 0x00000167bd4ca390
Event: 646.275 Thread 0x00000167b55bcbb0 flushing  nmethod 0x00000167bd4cbe90
Event: 646.275 Thread 0x00000167b55bcbb0 flushing  nmethod 0x00000167bd4ddd10
Event: 646.275 Thread 0x00000167b55bcbb0 flushing  nmethod 0x00000167bd4eed10

Events (20 events):
Event: 471.882 Thread 0x00000167b504d500 Thread added: 0x00000168226d9580
Event: 472.947 Thread 0x00000168226d9580 Thread exited: 0x00000168226d9580
Event: 508.134 Thread 0x0000016817e83730 Thread added: 0x00000168228dc970
Event: 532.262 Thread 0x00000167b504d500 Thread added: 0x0000016817ae38b0
Event: 532.919 Thread 0x0000016817ae38b0 Thread exited: 0x0000016817ae38b0
Event: 533.659 Thread 0x00000167b504d500 Thread added: 0x0000016817ae31e0
Event: 535.064 Thread 0x0000016817ae31e0 Thread exited: 0x0000016817ae31e0
Event: 535.307 Thread 0x00000167b504c3a0 Thread added: 0x0000016817ae0900
Event: 535.789 Thread 0x0000016817ae0900 Thread exited: 0x0000016817ae0900
Event: 535.948 Thread 0x00000167b504d500 Thread added: 0x0000016817ae38b0
Event: 536.157 Thread 0x0000016817ae38b0 Thread exited: 0x0000016817ae38b0
Event: 542.124 Thread 0x00000167b504c3a0 Thread added: 0x0000016817ae0900
Event: 542.660 Thread 0x0000016817ae0900 Thread exited: 0x0000016817ae0900
Event: 565.294 Thread 0x00000167b504c3a0 Thread added: 0x0000016817ae0fd0
Event: 565.847 Thread 0x0000016817ae0fd0 Thread exited: 0x0000016817ae0fd0
Event: 583.403 Thread 0x00000168228dc970 Thread exited: 0x00000168228dc970
Event: 621.129 Thread 0x00000167b504d500 Thread added: 0x00000168163f8240
Event: 623.170 Thread 0x00000168163f8240 Thread exited: 0x00000168163f8240
Event: 808.133 Thread 0x0000016817e83730 Thread added: 0x0000016819d24e20
Event: 883.154 Thread 0x0000016819d24e20 Thread exited: 0x0000016819d24e20


Dynamic libraries:
0x00007ff736c00000 - 0x00007ff736c0a000 	C:\Users\HP\.gradle\jdks\jetbrains_s_r_o_-21-amd64-windows.2\bin\java.exe
0x00007ffcbf6b0000 - 0x00007ffcbf8a8000 	C:\Windows\SYSTEM32\ntdll.dll
0x00007ffcbf460000 - 0x00007ffcbf51f000 	C:\Windows\System32\KERNEL32.DLL
0x00007ffcbcf40000 - 0x00007ffcbd236000 	C:\Windows\System32\KERNELBASE.dll
0x00007ffcbd240000 - 0x00007ffcbd340000 	C:\Windows\System32\ucrtbase.dll
0x00007ffca0f80000 - 0x00007ffca0f9b000 	C:\Users\HP\.gradle\jdks\jetbrains_s_r_o_-21-amd64-windows.2\bin\VCRUNTIME140.dll
0x00007ffca4850000 - 0x00007ffca4868000 	C:\Users\HP\.gradle\jdks\jetbrains_s_r_o_-21-amd64-windows.2\bin\jli.dll
0x00007ffcbe3b0000 - 0x00007ffcbe54d000 	C:\Windows\System32\USER32.dll
0x00007ffcbd4f0000 - 0x00007ffcbd512000 	C:\Windows\System32\win32u.dll
0x00007ffcac020000 - 0x00007ffcac2ba000 	C:\Windows\WinSxS\amd64_microsoft.windows.common-controls_6595b64144ccf1df_6.0.19041.1110_none_60b5254171f9507e\COMCTL32.dll
0x00007ffcbe2e0000 - 0x00007ffcbe30c000 	C:\Windows\System32\GDI32.dll
0x00007ffcbe310000 - 0x00007ffcbe3ae000 	C:\Windows\System32\msvcrt.dll
0x00007ffcbd340000 - 0x00007ffcbd455000 	C:\Windows\System32\gdi32full.dll
0x00007ffcbd5c0000 - 0x00007ffcbd65d000 	C:\Windows\System32\msvcp_win.dll
0x00007ffcbf430000 - 0x00007ffcbf460000 	C:\Windows\System32\IMM32.DLL
0x00007ffcae280000 - 0x00007ffcae28c000 	C:\Users\HP\.gradle\jdks\jetbrains_s_r_o_-21-amd64-windows.2\bin\vcruntime140_1.dll
0x00007ffc8dc90000 - 0x00007ffc8dd1d000 	C:\Users\HP\.gradle\jdks\jetbrains_s_r_o_-21-amd64-windows.2\bin\msvcp140.dll
0x00007ffc51970000 - 0x00007ffc5273d000 	C:\Users\HP\.gradle\jdks\jetbrains_s_r_o_-21-amd64-windows.2\bin\server\jvm.dll
0x00007ffcbeda0000 - 0x00007ffcbee4f000 	C:\Windows\System32\ADVAPI32.dll
0x00007ffcbe890000 - 0x00007ffcbe92c000 	C:\Windows\System32\sechost.dll
0x00007ffcbdef0000 - 0x00007ffcbe016000 	C:\Windows\System32\RPCRT4.dll
0x00007ffcbee50000 - 0x00007ffcbeebb000 	C:\Windows\System32\WS2_32.dll
0x00007ffcbc300000 - 0x00007ffcbc34b000 	C:\Windows\SYSTEM32\POWRPROF.dll
0x00007ffcae4e0000 - 0x00007ffcae507000 	C:\Windows\SYSTEM32\WINMM.dll
0x00007ffcb58d0000 - 0x00007ffcb58da000 	C:\Windows\SYSTEM32\VERSION.dll
0x00007ffcbc170000 - 0x00007ffcbc182000 	C:\Windows\SYSTEM32\UMPDC.dll
0x00007ffcbac00000 - 0x00007ffcbac12000 	C:\Windows\SYSTEM32\kernel.appcore.dll
0x00007ffcae170000 - 0x00007ffcae17a000 	C:\Users\HP\.gradle\jdks\jetbrains_s_r_o_-21-amd64-windows.2\bin\jimage.dll
0x00007ffcaa330000 - 0x00007ffcaa514000 	C:\Windows\SYSTEM32\DBGHELP.DLL
0x00007ffca9870000 - 0x00007ffca98a4000 	C:\Windows\SYSTEM32\dbgcore.DLL
0x00007ffcbd460000 - 0x00007ffcbd4e2000 	C:\Windows\System32\bcryptPrimitives.dll
0x00007ffcac950000 - 0x00007ffcac95e000 	C:\Users\HP\.gradle\jdks\jetbrains_s_r_o_-21-amd64-windows.2\bin\instrument.dll
0x00007ffca0380000 - 0x00007ffca03a0000 	C:\Users\HP\.gradle\jdks\jetbrains_s_r_o_-21-amd64-windows.2\bin\java.dll
0x00007ffcbd7a0000 - 0x00007ffcbdee4000 	C:\Windows\System32\SHELL32.dll
0x00007ffcbae00000 - 0x00007ffcbb594000 	C:\Windows\SYSTEM32\windows.storage.dll
0x00007ffcbeec0000 - 0x00007ffcbf214000 	C:\Windows\System32\combase.dll
0x00007ffcbc6f0000 - 0x00007ffcbc71e000 	C:\Windows\SYSTEM32\Wldp.dll
0x00007ffcbf360000 - 0x00007ffcbf40d000 	C:\Windows\System32\SHCORE.dll
0x00007ffcbf520000 - 0x00007ffcbf575000 	C:\Windows\System32\shlwapi.dll
0x00007ffcbccc0000 - 0x00007ffcbcce5000 	C:\Windows\SYSTEM32\profapi.dll
0x00007ffc86dc0000 - 0x00007ffc86e97000 	C:\Users\HP\.gradle\jdks\jetbrains_s_r_o_-21-amd64-windows.2\bin\jsvml.dll
0x00007ffca0140000 - 0x00007ffca0158000 	C:\Users\HP\.gradle\jdks\jetbrains_s_r_o_-21-amd64-windows.2\bin\zip.dll
0x00007ffcab860000 - 0x00007ffcab870000 	C:\Users\HP\.gradle\jdks\jetbrains_s_r_o_-21-amd64-windows.2\bin\net.dll
0x00007ffcb5df0000 - 0x00007ffcb5efa000 	C:\Windows\SYSTEM32\WINHTTP.dll
0x00007ffcbc4d0000 - 0x00007ffcbc53a000 	C:\Windows\system32\mswsock.dll
0x00007ffc9fc60000 - 0x00007ffc9fc76000 	C:\Users\HP\.gradle\jdks\jetbrains_s_r_o_-21-amd64-windows.2\bin\nio.dll
0x00007ffcaaa20000 - 0x00007ffcaaa30000 	C:\Users\HP\.gradle\jdks\jetbrains_s_r_o_-21-amd64-windows.2\bin\verify.dll
0x00007ffc932e0000 - 0x00007ffc93307000 	C:\Users\HP\.gradle\native\660c5614fbf4a5f2a75b1949f50a0caf5cd603558e7d8a26e50b933a0cfb79d1\windows-amd64\native-platform.dll
0x00007ffc8ecc0000 - 0x00007ffc8ed37000 	C:\Users\HP\.gradle\native\0.2.8\x86_64-windows-gnu\gradle-fileevents.dll
0x00007ffcaa530000 - 0x00007ffcaa539000 	C:\Users\HP\.gradle\jdks\jetbrains_s_r_o_-21-amd64-windows.2\bin\management.dll
0x00007ffca9650000 - 0x00007ffca965b000 	C:\Users\HP\.gradle\jdks\jetbrains_s_r_o_-21-amd64-windows.2\bin\management_ext.dll
0x00007ffcbf350000 - 0x00007ffcbf358000 	C:\Windows\System32\PSAPI.DLL
0x00007ffcbc190000 - 0x00007ffcbc1cc000 	C:\Windows\SYSTEM32\IPHLPAPI.DLL
0x00007ffcbf580000 - 0x00007ffcbf588000 	C:\Windows\System32\NSI.dll
0x00007ffca6bf0000 - 0x00007ffca6bf9000 	C:\Users\HP\.gradle\jdks\jetbrains_s_r_o_-21-amd64-windows.2\bin\extnet.dll
0x00007ffcbca30000 - 0x00007ffcbca48000 	C:\Windows\SYSTEM32\CRYPTSP.dll
0x00007ffcbbda0000 - 0x00007ffcbbdd4000 	C:\Windows\system32\rsaenh.dll
0x00007ffcbd590000 - 0x00007ffcbd5b7000 	C:\Windows\System32\bcrypt.dll
0x00007ffcbcc80000 - 0x00007ffcbccae000 	C:\Windows\SYSTEM32\USERENV.dll
0x00007ffcbc660000 - 0x00007ffcbc66c000 	C:\Windows\SYSTEM32\CRYPTBASE.dll
0x00007ffca6860000 - 0x00007ffca686e000 	C:\Users\HP\.gradle\jdks\jetbrains_s_r_o_-21-amd64-windows.2\bin\sunmscapi.dll
0x00007ffcbcd90000 - 0x00007ffcbceee000 	C:\Windows\System32\CRYPT32.dll
0x00007ffcbc760000 - 0x00007ffcbc788000 	C:\Windows\SYSTEM32\ncrypt.dll
0x00007ffcbc720000 - 0x00007ffcbc75b000 	C:\Windows\SYSTEM32\NTASN1.dll
0x00007ffca46a0000 - 0x00007ffca46a7000 	C:\Windows\system32\wshunix.dll
0x00007ffc811c0000 - 0x00007ffc81359000 	C:\Users\HP\.gradle\jdks\jetbrains_s_r_o_-21-amd64-windows.2\bin\awt.dll
0x00007ffcbf280000 - 0x00007ffcbf34d000 	C:\Windows\System32\OLEAUT32.dll
0x00007ffcba910000 - 0x00007ffcba93f000 	C:\Windows\SYSTEM32\dwmapi.dll
0x00007ffc920b0000 - 0x00007ffc920f4000 	C:\Users\HP\.gradle\jdks\jetbrains_s_r_o_-21-amd64-windows.2\bin\nvdaControllerClient64.dll
0x00007ffcb7710000 - 0x00007ffcb7776000 	C:\Windows\SYSTEM32\OLEACC.dll
0x00007ffcba530000 - 0x00007ffcba5c1000 	C:\Windows\SYSTEM32\apphelp.dll
0x00007ffcba690000 - 0x00007ffcba72e000 	C:\Windows\system32\uxtheme.dll
0x00007ffcbe1c0000 - 0x00007ffcbe2d4000 	C:\Windows\System32\MSCTF.dll
0x00007ffcbe080000 - 0x00007ffcbe1aa000 	C:\Windows\System32\ole32.dll
0x00007ffcbbec0000 - 0x00007ffcbbef3000 	C:\Windows\SYSTEM32\ntmarta.dll
0x00007ffca3e10000 - 0x00007ffca3e17000 	C:\Users\HP\.gradle\jdks\jetbrains_s_r_o_-21-amd64-windows.2\bin\rmi.dll

JVMTI agents:
C:\Users\HP\.gradle\wrapper\dists\gradle-9.3.1-bin\23ovyewtku6u96viwx3xl3oks\gradle-9.3.1\lib\agents\gradle-instrumentation-agent-9.3.1.jar path:C:\Users\HP\.gradle\jdks\jetbrains_s_r_o_-21-amd64-windows.2\bin\instrument.dll, loaded, initialized, instrumentlib options:none

dbghelp: loaded successfully - version: 4.0.5 - missing functions: none
symbol engine: initialized successfully - sym options: 0x614 - pdb path: .;C:\Users\HP\.gradle\jdks\jetbrains_s_r_o_-21-amd64-windows.2\bin;C:\Windows\SYSTEM32;C:\Windows\WinSxS\amd64_microsoft.windows.common-controls_6595b64144ccf1df_6.0.19041.1110_none_60b5254171f9507e;C:\Users\HP\.gradle\jdks\jetbrains_s_r_o_-21-amd64-windows.2\bin\server;C:\Users\HP\.gradle\native\660c5614fbf4a5f2a75b1949f50a0caf5cd603558e7d8a26e50b933a0cfb79d1\windows-amd64;C:\Users\HP\.gradle\native\0.2.8\x86_64-windows-gnu;C:\Users\HP\AppData\Local\Temp

VM Arguments:
jvm_args: --add-opens=java.base/java.lang=ALL-UNNAMED --add-opens=java.base/java.lang.invoke=ALL-UNNAMED --add-opens=java.base/java.util=ALL-UNNAMED --add-opens=java.prefs/java.util.prefs=ALL-UNNAMED --add-exports=jdk.compiler/com.sun.tools.javac.api=ALL-UNNAMED --add-exports=jdk.compiler/com.sun.tools.javac.util=ALL-UNNAMED --add-opens=java.base/java.util=ALL-UNNAMED --add-opens=java.prefs/java.util.prefs=ALL-UNNAMED --add-opens=java.base/java.nio.charset=ALL-UNNAMED --add-opens=java.base/java.net=ALL-UNNAMED --add-opens=java.base/java.util.concurrent=ALL-UNNAMED --add-opens=java.base/java.util.concurrent.atomic=ALL-UNNAMED --add-opens=java.xml/javax.xml.namespace=ALL-UNNAMED --add-opens=java.base/java.time=ALL-UNNAMED -XX:MaxMetaspaceSize=1G -XX:+UseParallelGC -XX:+HeapDumpOnOutOfMemoryError -Xmx6G -Dfile.encoding=UTF-8 -Duser.country=ID -Duser.language=en -Duser.variant -javaagent:C:\Users\HP\.gradle\wrapper\dists\gradle-9.3.1-bin\23ovyewtku6u96viwx3xl3oks\gradle-9.3.1\lib\agents\gradle-instrumentation-agent-9.3.1.jar 
java_command: org.gradle.launcher.daemon.bootstrap.GradleDaemon 9.3.1
java_class_path (initial): C:\Users\HP\.gradle\wrapper\dists\gradle-9.3.1-bin\23ovyewtku6u96viwx3xl3oks\gradle-9.3.1\lib\gradle-daemon-main-9.3.1.jar
Launcher Type: SUN_STANDARD

[Global flags]
     intx CICompilerCount                          = 3                                         {product} {ergonomic}
   size_t CompressedClassSpaceSize                 = 872415232                                 {product} {ergonomic}
     bool HeapDumpOnOutOfMemoryError               = true                                   {manageable} {command line}
   size_t InitialHeapSize                          = 268435456                                 {product} {ergonomic}
   size_t MaxHeapSize                              = 6442450944                                {product} {command line}
   size_t MaxMetaspaceSize                         = 1073741824                                {product} {command line}
   size_t MaxNewSize                               = 2147483648                                {product} {ergonomic}
   size_t MinHeapDeltaBytes                        = 524288                                    {product} {ergonomic}
   size_t MinHeapSize                              = 8388608                                   {product} {ergonomic}
   size_t NewSize                                  = 89128960                                  {product} {ergonomic}
    uintx NonNMethodCodeHeapSize                   = 5832780                                {pd product} {ergonomic}
    uintx NonProfiledCodeHeapSize                  = 122912730                              {pd product} {ergonomic}
   size_t OldSize                                  = 179306496                                 {product} {ergonomic}
    uintx ProfiledCodeHeapSize                     = 122912730                              {pd product} {ergonomic}
    uintx ReservedCodeCacheSize                    = 251658240                              {pd product} {ergonomic}
     bool SegmentedCodeCache                       = true                                      {product} {ergonomic}
   size_t SoftMaxHeapSize                          = 6442450944                             {manageable} {ergonomic}
     bool UseCompressedOops                        = true                           {product lp64_product} {ergonomic}
     bool UseLargePagesIndividualAllocation        = false                                  {pd product} {ergonomic}
     bool UseParallelGC                            = true                                      {product} {command line}

Logging:
Log output configuration:
 #0: stdout all=warning uptime,level,tags foldmultilines=false
 #1: stderr all=off uptime,level,tags foldmultilines=false

Release file:
JAVA_VERSION="21.0.10" 
MODULES="java.base java.datatransfer java.xml java.prefs java.desktop gluegen.rt java.compiler java.instrument java.logging java.management java.security.sasl java.naming java.rmi java.management.rmi java.net.http java.scripting java.security.jgss java.transaction.xa java.sql java.sql.rowset java.xml.crypto java.se java.smartcardio jogl.all jcef jdk.accessibility jdk.internal.jvmstat jdk.attach jdk.charsets jdk.internal.opt jdk.zipfs jdk.compiler jdk.crypto.ec jdk.crypto.cryptoki jdk.crypto.mscapi jdk.dynalink jdk.internal.ed jdk.editpad jdk.hotspot.agent jdk.httpserver jdk.incubator.vector jdk.internal.le jdk.internal.vm.ci jdk.internal.vm.compiler jdk.internal.vm.compiler.management jdk.jartool jdk.javadoc jdk.jcmd jdk.management jdk.management.agent jdk.jconsole jdk.jdeps jdk.jdwp.agent jdk.jdi jdk.jfr jdk.jlink jdk.jpackage jdk.jshell jdk.jsobject jdk.jstatd jdk.localedata jdk.management.jfr jdk.naming.dns jdk.naming.rmi jdk.net jdk.nio.mapmode jdk.random jdk.sctp jdk.security.auth jdk.security.jgss jdk.unsupported jdk.unsupported.desktop jdk.xml.dom" 
IMPLEMENTOR="JetBrains s.r.o." 
IMPLEMENTOR_VERSION="JBRSDK-21.0.10+1-1163.108-jcef" 
JAVA_RUNTIME_VERSION="21.0.10+1-b1163.108" 
LIBC="default" 
OS_ARCH="x86_64" 
OS_NAME="Windows" 
SOURCE=".:git:f6c01ae40b16+ jcef_git:git:4a605f44671a" 
JCEF_VERSION="137.0.17.1107+ge397b56" 
JCEF_COMMIT_HASH="e397b569415d3c67b114495985454e5201955573" 

Environment Variables:
JAVA_HOME=C:\Program Files\Java\jdk-21.0.11
PATH=c:\Users\HP\AppData\Roaming\Code\User\globalStorage\github.copilot-chat\debugCommand;c:\Users\HP\AppData\Roaming\Code\User\globalStorage\github.copilot-chat\copilotCli;C:\Program Files\Common Files\Oracle\Java\javapath;C:\Program Files (x86)\Intel\iCLS Client\;C:\Program Files\Intel\iCLS Client\;C:\Windows\system32;C:\Windows;C:\Windows\System32\Wbem;C:\Windows\System32\WindowsPowerShell\v1.0\;C:\Windows\System32\OpenSSH\;C:\Program Files (x86)\Intel\Intel(R) Management Engine Components\DAL;C:\Program Files\Intel\Intel(R) Management Engine Components\DAL;C:\Program Files (x86)\Intel\Intel(R) Management Engine Components\IPT;C:\Program Files\Intel\Intel(R) Management Engine Components\IPT;C:\Program Files (x86)\NVIDIA Corporation\PhysX\Common;C:\Program Files\Git\cmd;C:\Users\HP\AppData\Local\agy\bin;C:\Users\HP\.local\bin;C:\Users\HP\AppData\Local\Programs\Python\Python313\Scripts\;C:\Users\HP\AppData\Local\Programs\Python\Python313\;C:\Users\HP\AppData\Local\Microsoft\WindowsApps;C:\Users\HP\AppData\Local\Programs\Antigravity\bin;C:\Users\HP\AppData\Local\Programs\Kiro\bin;C:\Users\HP\AppData\Local\Programs\Chad\bin;C:\Users\HP\AppData\Local\Microsoft\WinGet\Links;C:\Users\HP\AppData\Local\Programs\Microsoft VS Code\bin;C:\Users\HP\AppData\Local\Programs\Antigravity IDE\bin;C:\Users\HP\AppData\Local\Programs\Devin\bin;c:\Users\HP\.vscode\extensions\vscjava.vscode-java-debug-0.59.0\bundled\scripts\noConfigScripts
USERNAME=HP
LANG=en_US.UTF-8
OS=Windows_NT
PROCESSOR_IDENTIFIER=Intel64 Family 6 Model 61 Stepping 4, GenuineIntel
TMP=C:\Users\HP\AppData\Local\Temp
TEMP=C:\Users\HP\AppData\Local\Temp




Periodic native trim disabled

JNI global refs:
JNI global refs: 38, weak refs: 0

JNI global refs memory usage: 835, weak refs: 833

Process memory usage:
Resident Set Size: 3542052K (21% of 16695984K total physical memory with 816252K free physical memory)

OOME stack traces (most recent first):
Classloader memory used:
Loader java.net.URLClassLoader                                                         : 57333K
Loader org.gradle.internal.classloader.VisitableURLClassLoader                         : 46012K
Loader org.gradle.internal.classloader.VisitableURLClassLoader$InstrumentingVisitableURLClassLoader: 31697K
Loader bootstrap                                                                       : 17221K
Loader jdk.internal.loader.ClassLoaders$AppClassLoader                                 : 12949K
Loader org.gradle.initialization.MixInLegacyTypesClassLoader                           : 11988K
Loader jdk.internal.loader.ClassLoaders$PlatformClassLoader                            : 801K
Loader jdk.internal.jrtfs.JrtFileSystemProvider$JrtFsLoader                            : 650K
Loader org.gradle.groovy.scripts.internal.DefaultScriptCompilationHandler$ScriptClassLoader: 521K
Loader jdk.internal.reflect.DelegatingClassLoader                                      : 362K
Loader org.gradle.internal.classloader.VisitableURLClassLoader                         : 59216B

Classes loaded by more than one classloader:
Class kotlin.text.StringsKt__StringsKt                                                : loaded 3 times (x 71B)
Class kotlin.NotImplementedError                                                      : loaded 3 times (x 82B)
Class kotlin.collections.CollectionsKt                                                : loaded 3 times (x 71B)
Class kotlin.reflect.KMutableProperty2                                                : loaded 3 times (x 70B)
Class kotlin.reflect.KMutableProperty1                                                : loaded 3 times (x 70B)
Class kotlin.reflect.KClassifier                                                      : loaded 3 times (x 70B)
Class kotlin.reflect.KMutableProperty0                                                : loaded 3 times (x 70B)
Class jdk.internal.jrtfs.JrtDirectoryStream                                           : loaded 3 times (x 89B)
Class kotlin.jvm.internal.markers.KMappedMarker                                       : loaded 3 times (x 70B)
Class jdk.internal.jimage.BasicImageReader                                            : loaded 3 times (x 95B)
Class [Lkotlin.reflect.KProperty;                                                     : loaded 3 times (x 69B)
Class kotlin.NoWhenBranchMatchedException                                             : loaded 3 times (x 82B)
Class kotlin.collections.CollectionsKt__ReversedViewsKt                               : loaded 3 times (x 71B)
Class kotlin.Lazy                                                                     : loaded 3 times (x 70B)
Class kotlin.jvm.functions.Function19                                                 : loaded 3 times (x 70B)
Class kotlin.text.StringsKt__StringBuilderKt                                          : loaded 3 times (x 71B)
Class kotlin.jvm.internal.CallableReference$NoReceiver                                : loaded 3 times (x 71B)
Class kotlin.jvm.functions.Function18                                                 : loaded 3 times (x 70B)
Class kotlin.collections.ArraysKt__ArraysJVMKt                                        : loaded 3 times (x 71B)
Class kotlin.jvm.functions.Function17                                                 : loaded 3 times (x 70B)
Class kotlin.jvm.internal.PropertyReference1Impl                                      : loaded 3 times (x 127B)
Class kotlin.SafePublicationLazyImpl$Companion                                        : loaded 3 times (x 71B)
Class kotlin.jvm.internal.MutablePropertyReference1                                   : loaded 3 times (x 137B)
Class kotlin.LazyKt                                                                   : loaded 3 times (x 71B)
Class kotlin.collections.SetsKt__SetsKt                                               : loaded 3 times (x 71B)
Class kotlin.jvm.functions.Function16                                                 : loaded 3 times (x 70B)
Class kotlin.collections.ArraysKt                                                     : loaded 3 times (x 71B)
Class kotlin.text.CharsKt__CharKt                                                     : loaded 3 times (x 71B)
Class kotlin.jvm.functions.Function15                                                 : loaded 3 times (x 70B)
Class kotlin.ranges.RangesKt___RangesKt                                               : loaded 3 times (x 71B)
Class kotlin.jvm.functions.Function14                                                 : loaded 3 times (x 70B)
Class kotlin.KotlinNullPointerException                                               : loaded 3 times (x 83B)
Class kotlin.jvm.functions.Function13                                                 : loaded 3 times (x 70B)
Class kotlin.collections.CollectionsKt__IterablesKt                                   : loaded 3 times (x 71B)
Class kotlin.collections.MapsKt                                                       : loaded 3 times (x 71B)
Class kotlin.jvm.functions.Function12                                                 : loaded 3 times (x 70B)
Class jdk.internal.jrtfs.JrtFileSystem                                                : loaded 3 times (x 102B)
Class kotlin.jvm.internal.Intrinsics                                                  : loaded 3 times (x 71B)
Class kotlin.reflect.KAnnotatedElement                                                : loaded 3 times (x 70B)
Class kotlin.jvm.functions.Function11                                                 : loaded 3 times (x 70B)
Class [Lkotlin.reflect.KClassifier;                                                   : loaded 3 times (x 69B)
Class [Lkotlin.reflect.KClass;                                                        : loaded 3 times (x 69B)
Class [Lkotlin.LazyThreadSafetyMode;                                                  : loaded 3 times (x 69B)
Class kotlin.jvm.functions.Function9                                                  : loaded 3 times (x 70B)
Class kotlin.jvm.functions.Function10                                                 : loaded 3 times (x 70B)
Class kotlin.collections.CollectionsKt__MutableCollectionsJVMKt                       : loaded 3 times (x 71B)
Class kotlin.enums.EnumEntriesKt                                                      : loaded 3 times (x 71B)
Class kotlin.text.StringsKt___StringsKt                                               : loaded 3 times (x 71B)
Class kotlin.jvm.functions.Function8                                                  : loaded 3 times (x 70B)
Class kotlin.collections.MapsKt__MapWithDefaultKt                                     : loaded 3 times (x 71B)
Class kotlin.collections.AbstractList$Companion                                       : loaded 3 times (x 71B)
Class kotlin.jvm.functions.Function7                                                  : loaded 3 times (x 70B)
Class kotlin.collections.MapsKt___MapsKt                                              : loaded 3 times (x 71B)
Class kotlin.collections.ArraysKt___ArraysKt                                          : loaded 3 times (x 71B)
Class kotlin.jvm.functions.Function6                                                  : loaded 3 times (x 70B)
Class kotlin.text.StringsKt___StringsJvmKt                                            : loaded 3 times (x 71B)
Class kotlin.reflect.KDeclarationContainer                                            : loaded 3 times (x 70B)
Class kotlin.jvm.functions.Function5                                                  : loaded 3 times (x 70B)
Class jdk.internal.jimage.ImageStrings                                                : loaded 3 times (x 70B)
Class kotlin.collections.CollectionsKt___CollectionsKt                                : loaded 3 times (x 71B)
Class kotlin.text.StringsKt__AppendableKt                                             : loaded 3 times (x 71B)
Class kotlin.jvm.functions.Function4                                                  : loaded 3 times (x 70B)
Class kotlin.collections.MapsKt___MapsJvmKt                                           : loaded 3 times (x 71B)
Class kotlin.jvm.functions.Function3                                                  : loaded 3 times (x 70B)
Class kotlin.jvm.functions.Function2                                                  : loaded 3 times (x 70B)
Class kotlin.reflect.KProperty$Accessor                                               : loaded 3 times (x 70B)
Class [Lkotlin.reflect.KCallable;                                                     : loaded 3 times (x 69B)
Class kotlin.jvm.functions.Function1                                                  : loaded 3 times (x 70B)
Class kotlin.jvm.functions.Function0                                                  : loaded 3 times (x 70B)
Class kotlin.collections.ArraysUtilJVM                                                : loaded 3 times (x 71B)
Class kotlin.ranges.RangesKt                                                          : loaded 3 times (x 71B)
Class kotlin.TuplesKt                                                                 : loaded 3 times (x 71B)
Class kotlin.collections.CollectionsKt___CollectionsJvmKt                             : loaded 3 times (x 71B)
Class kotlin.reflect.KType                                                            : loaded 3 times (x 70B)
Class kotlin.text.CharsKt__CharJVMKt                                                  : loaded 3 times (x 71B)
Class kotlin.text.StringsKt__StringNumberConversionsJVMKt                             : loaded 3 times (x 71B)
Class kotlin.comparisons.ComparisonsKt___ComparisonsKt                                : loaded 3 times (x 71B)
Class kotlin.comparisons.ComparisonsKt                                                : loaded 3 times (x 71B)
Class kotlin.Result$Companion                                                         : loaded 3 times (x 71B)
Class kotlin.ranges.RangesKt__RangesKt                                                : loaded 3 times (x 71B)
Class kotlin.collections.SetsKt___SetsKt                                              : loaded 3 times (x 71B)
Class jdk.internal.jrtfs.SystemImage                                                  : loaded 3 times (x 74B)
Class kotlin.jvm.functions.Function20                                                 : loaded 3 times (x 70B)
Class kotlin.comparisons.ComparisonsKt__ComparisonsKt                                 : loaded 3 times (x 71B)
Class kotlin.jvm.internal.ClassBasedDeclarationContainer                              : loaded 3 times (x 70B)
Class kotlin.UNINITIALIZED_VALUE                                                      : loaded 3 times (x 71B)
Class kotlin.jvm.internal.ReflectionFactory                                           : loaded 3 times (x 91B)
Class kotlin.LazyKt__LazyKt                                                           : loaded 3 times (x 71B)
Class kotlin.text.StringsKt__StringBuilderJVMKt                                       : loaded 3 times (x 71B)
Class kotlin.jvm.functions.Function21                                                 : loaded 3 times (x 70B)
Class kotlin.text.Regex                                                               : loaded 3 times (x 72B)
Class kotlin.collections.AbstractCollection                                           : loaded 3 times (x 117B)
Class kotlin.collections.AbstractList                                                 : loaded 3 times (x 197B)
Class jdk.internal.jimage.ImageReader$Directory                                       : loaded 3 times (x 84B)
Class kotlin.jvm.functions.Function22                                                 : loaded 3 times (x 70B)
Class kotlin.SynchronizedLazyImpl                                                     : loaded 3 times (x 76B)
Class kotlin.text.StringsKt__RegexExtensionsKt                                        : loaded 3 times (x 71B)
Class kotlin.LazyThreadSafetyMode                                                     : loaded 3 times (x 79B)
Class kotlin.jvm.internal.MutablePropertyReference                                    : loaded 3 times (x 119B)
Class kotlin.LazyKt__LazyJVMKt$WhenMappings                                           : loaded 3 times (x 71B)
Class kotlin.reflect.KTypeParameter                                                   : loaded 3 times (x 70B)
Class kotlin.text.StringsKt__RegexExtensionsJVMKt                                     : loaded 3 times (x 71B)
Class kotlin.collections.ArraysKt___ArraysJvmKt                                       : loaded 3 times (x 71B)
Class kotlin.collections.CollectionsKt__CollectionsKt                                 : loaded 3 times (x 71B)
Class jdk.internal.jimage.ImageReader$SharedImageReader$LocationVisitor               : loaded 3 times (x 70B)
Class kotlin.jvm.internal.PropertyReference1                                          : loaded 3 times (x 127B)
Class kotlin.jvm.internal.DefaultConstructorMarker                                    : loaded 3 times (x 71B)
Class kotlin.jvm.internal.PropertyReference0                                          : loaded 3 times (x 127B)
Class kotlin._Assertions                                                              : loaded 3 times (x 71B)
Class kotlin.text.Regex$Companion                                                     : loaded 3 times (x 71B)
Class jdk.internal.jrtfs.JrtPath                                                      : loaded 3 times (x 118B)
Class jdk.internal.jimage.ImageBufferCache                                            : loaded 3 times (x 71B)
Class kotlin.enums.EnumEntries                                                        : loaded 3 times (x 70B)
Class kotlin.jvm.internal.CallableReference                                           : loaded 3 times (x 106B)
Class jdk.internal.jrtfs.SystemImage$1                                                : loaded 3 times (x 78B)
Class kotlin.jvm.KotlinReflectionNotSupportedError                                    : loaded 3 times (x 82B)
Class kotlin.jvm.internal.FunctionReference                                           : loaded 3 times (x 122B)
Class kotlin.jvm.internal.FunctionBase                                                : loaded 3 times (x 70B)
Class kotlin.enums.EnumEntriesList                                                    : loaded 3 times (x 223B)
Class jdk.internal.jrtfs.JrtFileAttributes                                            : loaded 3 times (x 83B)
Class kotlin.text.StringsKt__StringNumberConversionsKt                                : loaded 3 times (x 71B)
Class jdk.internal.jimage.ImageReader$Resource                                        : loaded 3 times (x 84B)
Class jdk.internal.jimage.decompressor.Decompressor                                   : loaded 3 times (x 72B)
Class kotlin.LazyKt__LazyJVMKt                                                        : loaded 3 times (x 71B)
Class jdk.internal.jrtfs.SystemImage$2                                                : loaded 3 times (x 76B)
Class kotlin.text.StringsKt                                                           : loaded 3 times (x 71B)
Class kotlin.collections.CollectionsKt__IteratorsKt                                   : loaded 3 times (x 71B)
Class kotlin.comparisons.ComparisonsKt___ComparisonsJvmKt                             : loaded 3 times (x 71B)
Class kotlin.collections.CollectionsKt__IteratorsJVMKt                                : loaded 3 times (x 71B)
Class jdk.internal.jimage.BasicImageReader$1                                          : loaded 3 times (x 77B)
Class kotlin.collections.CollectionsKt__CollectionsJVMKt                              : loaded 3 times (x 71B)
Class jdk.internal.jimage.ImageReader$Node                                            : loaded 3 times (x 84B)
Class kotlin.SafePublicationLazyImpl                                                  : loaded 3 times (x 76B)
Class kotlin.Result                                                                   : loaded 3 times (x 72B)
Class kotlin.reflect.KProperty0                                                       : loaded 3 times (x 70B)
Class jdk.internal.jimage.ImageReader$SharedImageReader                               : loaded 3 times (x 95B)
Class kotlin.reflect.KProperty$Getter                                                 : loaded 3 times (x 70B)
Class jdk.internal.jimage.ImageReader                                                 : loaded 3 times (x 75B)
Class kotlin.UninitializedPropertyAccessException                                     : loaded 3 times (x 82B)
Class jdk.internal.jrtfs.JrtFileSystemProvider                                        : loaded 3 times (x 101B)
Class kotlin.Pair                                                                     : loaded 3 times (x 72B)
Class kotlin.reflect.KProperty1                                                       : loaded 3 times (x 70B)
Class kotlin.reflect.KClass                                                           : loaded 3 times (x 70B)
Class jdk.internal.jimage.ImageStringsReader                                          : loaded 3 times (x 80B)
Class kotlin.collections.MapsKt__MapsKt                                               : loaded 3 times (x 71B)
Class [Lkotlin.reflect.KDeclarationContainer;                                         : loaded 3 times (x 69B)
Class kotlin.reflect.KFunction                                                        : loaded 3 times (x 70B)
Class kotlin.collections.SetsKt                                                       : loaded 3 times (x 71B)
Class kotlin.text.StringsKt__IndentKt                                                 : loaded 3 times (x 71B)
Class kotlin.reflect.KProperty2                                                       : loaded 3 times (x 70B)
Class kotlin.collections.CollectionsKt__MutableCollectionsKt                          : loaded 3 times (x 71B)
Class kotlin.text.StringsKt__StringsJVMKt                                             : loaded 3 times (x 71B)
Class kotlin.jvm.internal.Reflection                                                  : loaded 3 times (x 71B)
Class kotlin.reflect.KProperty                                                        : loaded 3 times (x 70B)
Class kotlin.jvm.JvmClassMappingKt                                                    : loaded 3 times (x 71B)
Class [Lkotlin.reflect.KAnnotatedElement;                                             : loaded 3 times (x 69B)
Class kotlin.jvm.internal.PropertyReference                                           : loaded 3 times (x 115B)
Class jdk.internal.jimage.ImageHeader                                                 : loaded 3 times (x 71B)
Class kotlin.reflect.KMutableProperty                                                 : loaded 3 times (x 70B)
Class kotlin.reflect.KCallable                                                        : loaded 3 times (x 70B)
Class kotlin.Function                                                                 : loaded 3 times (x 70B)
Class kotlin.collections.SetsKt__SetsJVMKt                                            : loaded 3 times (x 71B)
Class kotlin.collections.ArraysKt__ArraysKt                                           : loaded 3 times (x 71B)
Class kotlin.text.CharsKt                                                             : loaded 3 times (x 71B)
Class kotlin.Result$Failure                                                           : loaded 3 times (x 72B)
Class jdk.internal.jimage.ImageBufferCache$2                                          : loaded 3 times (x 91B)
Class kotlin.collections.MapsKt__MapsJVMKt                                            : loaded 3 times (x 71B)
Class jdk.internal.jimage.ImageBufferCache$1                                          : loaded 3 times (x 83B)
Class jdk.internal.jrtfs.JrtDirectoryStream$1                                         : loaded 3 times (x 83B)
Class jdk.internal.jimage.ImageLocation                                               : loaded 3 times (x 90B)
Class kotlin.reflect.jvm.internal.impl.builtins.functions.FunctionTypeKind$SuspendFunction: loaded 2 times (x 72B)
Class kotlin.text.DelimitedRangesSequence$iterator$1                                  : loaded 2 times (x 79B)
Class com.google.common.collect.Lists$StringAsImmutableList                           : loaded 2 times (x 207B)
Class com.google.common.util.concurrent.UncheckedExecutionException                   : loaded 2 times (x 82B)
Class com.google.common.collect.Iterators                                             : loaded 2 times (x 71B)
Class kotlin.reflect.jvm.internal.ReflectionFactoryImpl                               : loaded 2 times (x 91B)
Class com.google.common.util.concurrent.AbstractFuture$Trusted                        : loaded 2 times (x 70B)
Class kotlin.collections.ArraysKt___ArraysKt$asSequence$$inlined$Sequence$1           : loaded 2 times (x 75B)
Class kotlin.time.DurationUnitKt__DurationUnitJvmKt                                   : loaded 2 times (x 71B)
Class kotlin.jvm.JvmStatic                                                            : loaded 2 times (x 70B)
Class kotlin.collections.EmptyList                                                    : loaded 2 times (x 174B)
Class com.google.common.collect.AbstractMapBasedMultimap$KeySet$1                     : loaded 2 times (x 82B)
Class org.objectweb.asm.ClassWriter                                                   : loaded 2 times (x 106B)
Class com.google.common.cache.CacheLoader$UnsupportedLoadingOperationException        : loaded 2 times (x 82B)
Class com.google.common.base.CharMatcher$And                                          : loaded 2 times (x 112B)
Class org.gradle.internal.classloader.ClasspathUtil$1                                 : loaded 2 times (x 76B)
Class kotlin.collections.AbstractIterator                                             : loaded 2 times (x 83B)
Class kotlin.reflect.jvm.internal.impl.builtins.StandardNames$FqNames                 : loaded 2 times (x 71B)
Class kotlin.collections.builders.ListBuilderKt                                       : loaded 2 times (x 71B)
Class org.objectweb.asm.FieldVisitor                                                  : loaded 2 times (x 77B)
Class com.google.common.collect.IndexedImmutableSet                                   : loaded 2 times (x 152B)
Class com.google.common.collect.ImmutableMap$1                                        : loaded 2 times (x 81B)
Class com.google.common.collect.BiMap                                                 : loaded 2 times (x 70B)
Class org.gradle.api.internal.classpath.DefaultModuleRegistry$DefaultModule           : loaded 2 times (x 86B)
Class kotlin.reflect.jvm.internal.ClassValueCache                                     : loaded 2 times (x 74B)
Class kotlin.ResultKt                                                                 : loaded 2 times (x 71B)
Class com.google.common.primitives.Ints                                               : loaded 2 times (x 71B)
Class com.google.common.collect.AbstractIterator                                      : loaded 2 times (x 82B)
Class kotlin.io.LinesSequence$iterator$1                                              : loaded 2 times (x 79B)
Class com.google.common.collect.RegularImmutableAsList                                : loaded 2 times (x 217B)
Class kotlin.collections.IndexingIterable                                             : loaded 2 times (x 79B)
Class com.google.common.collect.ObjectArrays                                          : loaded 2 times (x 71B)
Class com.google.common.math.MathPreconditions                                        : loaded 2 times (x 71B)
Class com.google.common.collect.Multiset                                              : loaded 2 times (x 70B)
Class com.google.common.collect.ArrayListMultimapGwtSerializationDependencies         : loaded 2 times (x 172B)
Class com.google.common.collect.AbstractIndexedListIterator                           : loaded 2 times (x 96B)
Class kotlin.reflect.jvm.internal.impl.builtins.jvm.JavaToKotlinClassMap              : loaded 2 times (x 71B)
Class kotlin.reflect.jvm.internal.KotlinReflectionInternalError                       : loaded 2 times (x 82B)
Class kotlin.io.FilesKt__FilePathComponentsKt                                         : loaded 2 times (x 71B)
Class kotlin.io.TerminateException                                                    : loaded 2 times (x 82B)
Class com.google.common.collect.ImmutableMapEntrySet                                  : loaded 2 times (x 152B)
Class org.gradle.api.internal.classpath.Module                                        : loaded 2 times (x 70B)
Class kotlin.reflect.jvm.internal.KClassImpl$Data$$Lambda$0                           : loaded 2 times (x 76B)
Class kotlin.reflect.jvm.internal.KClassifierImpl                                     : loaded 2 times (x 70B)
Class kotlin.reflect.jvm.internal.CacheByClass                                        : loaded 2 times (x 73B)
Class kotlin.KotlinVersion                                                            : loaded 2 times (x 74B)
Class kotlin.io.FileAlreadyExistsException                                            : loaded 2 times (x 82B)
Class kotlin.internal.ProgressionUtilKt                                               : loaded 2 times (x 71B)
Class com.google.common.cache.Weigher                                                 : loaded 2 times (x 70B)
Class org.gradle.api.internal.classpath.UnknownModuleException                        : loaded 2 times (x 82B)
Class kotlin.reflect.jvm.internal.impl.utils.CollectionsKt                            : loaded 2 times (x 71B)
Class kotlin.reflect.jvm.internal.KClassImpl$Data$$Lambda$1                           : loaded 2 times (x 76B)
Class com.google.common.cache.LocalCache$2                                            : loaded 2 times (x 142B)
Class com.google.common.base.Stopwatch                                                : loaded 2 times (x 72B)
Class com.google.common.cache.LocalCache$Strength                                     : loaded 2 times (x 81B)
Class com.google.common.cache.Cache                                                   : loaded 2 times (x 70B)
Class kotlin.reflect.jvm.internal.KClassImpl$Data$$Lambda$2                           : loaded 2 times (x 76B)
Class kotlin.collections.IndexingIterator                                             : loaded 2 times (x 79B)
Class com.google.common.util.concurrent.AbstractFuture$Cancellation                   : loaded 2 times (x 72B)
Class com.google.common.collect.ImmutableMap$Builder                                  : loaded 2 times (x 82B)
Class [Lkotlin.reflect.jvm.internal.impl.builtins.PrimitiveType;                      : loaded 2 times (x 69B)
Class kotlin.reflect.jvm.internal.impl.builtins.StandardNames                         : loaded 2 times (x 71B)
Class kotlin.reflect.jvm.internal.KClassImpl$Data$$Lambda$3                           : loaded 2 times (x 76B)
Class kotlin.reflect.jvm.internal.ReflectProperties$LazySoftVal                       : loaded 2 times (x 78B)
Class com.google.common.collect.AbstractMultimap                                      : loaded 2 times (x 123B)
Class com.google.common.cache.RemovalListener                                         : loaded 2 times (x 70B)
Class org.gradle.api.internal.DefaultClassPathRegistry                                : loaded 2 times (x 76B)
Class com.google.common.collect.ImmutableList$Builder                                 : loaded 2 times (x 77B)
Class kotlin.reflect.jvm.internal.KClassImpl$Data$$Lambda$4                           : loaded 2 times (x 76B)
Class kotlin.reflect.jvm.internal.KPropertyImpl                                       : loaded 2 times (x 115B)
Class com.google.common.collect.Sets$ImprovedAbstractSet                              : loaded 2 times (x 135B)
Class kotlin.io.CloseableKt                                                           : loaded 2 times (x 71B)
Class kotlin.annotation.AnnotationTarget                                              : loaded 2 times (x 79B)
Class kotlin.ranges.ClosedRange                                                       : loaded 2 times (x 70B)
Class com.google.common.primitives.IntsMethodsForWeb                                  : loaded 2 times (x 71B)
Class com.google.common.collect.Multimap                                              : loaded 2 times (x 70B)
Class org.gradle.api.internal.ClassPathRegistry                                       : loaded 2 times (x 70B)
Class org.gradle.internal.classpath.DefaultClassPath$ImmutableUniqueList              : loaded 2 times (x 199B)
Class kotlin.reflect.jvm.internal.impl.resolve.jvm.JvmPrimitiveType                   : loaded 2 times (x 79B)
Class kotlin.reflect.jvm.internal.KClassImpl$Data$$Lambda$5                           : loaded 2 times (x 76B)
Class kotlin.reflect.jvm.internal.ComputableClassValue                                : loaded 2 times (x 80B)
Class kotlin.sequences.GeneratorSequence$iterator$1                                   : loaded 2 times (x 79B)
Class jdk.internal.jimage.decompressor.ResourceDecompressor                           : loaded 2 times (x 70B)
Class kotlin.jvm.internal.TypeIntrinsics                                              : loaded 2 times (x 71B)
Class kotlin.collections.IntIterator                                                  : loaded 2 times (x 82B)
Class kotlin.reflect.jvm.internal.KClassImpl$Data$$Lambda$6                           : loaded 2 times (x 76B)
Class com.google.common.collect.AbstractMapEntry                                      : loaded 2 times (x 81B)
Class com.google.common.collect.Iterators$SingletonIterator                           : loaded 2 times (x 81B)
Class kotlin.time.DurationUnit                                                        : loaded 2 times (x 79B)
Class com.google.common.cache.CacheBuilder                                            : loaded 2 times (x 72B)
Class com.google.common.collect.SingletonImmutableList                                : loaded 2 times (x 207B)
Class org.gradle.internal.classpath.ClassPath                                         : loaded 2 times (x 70B)
Class [Lkotlin.reflect.jvm.internal.impl.name.FqName;                                 : loaded 2 times (x 69B)
Class kotlin.reflect.jvm.internal.KClassImpl$Data$$Lambda$7                           : loaded 2 times (x 76B)
Class com.google.common.cache.LocalCache$1                                            : loaded 2 times (x 89B)
Class kotlin.collections.ArrayDeque                                                   : loaded 2 times (x 207B)
Class com.google.common.base.JdkPattern                                               : loaded 2 times (x 75B)
Class com.google.common.collect.ImmutableList$ReverseImmutableList                    : loaded 2 times (x 209B)
Class kotlin.reflect.jvm.internal.KClassImpl$Data$$Lambda$8                           : loaded 2 times (x 76B)
Class com.google.common.base.Ascii                                                    : loaded 2 times (x 71B)
Class com.google.common.collect.SingletonImmutableBiMap                               : loaded 2 times (x 143B)
Class kotlin.time.DurationUnitKt__DurationUnitKt                                      : loaded 2 times (x 71B)
Class kotlin.jvm.internal.Lambda                                                      : loaded 2 times (x 75B)
Class org.objectweb.asm.SymbolTable$Entry                                             : loaded 2 times (x 74B)
Class kotlin.sequences.TransformingSequence$iterator$1                                : loaded 2 times (x 79B)
Class kotlin.reflect.jvm.internal.KClassImpl$Data$$Lambda$9                           : loaded 2 times (x 76B)
Class org.objectweb.asm.Edge                                                          : loaded 2 times (x 72B)
Class com.google.common.base.Suppliers$SupplierOfInstance                             : loaded 2 times (x 79B)
Class com.google.common.collect.Iterators$1                                           : loaded 2 times (x 81B)
Class org.gradle.internal.service.ServiceLocator                                      : loaded 2 times (x 70B)
Class kotlin.properties.Delegates                                                     : loaded 2 times (x 71B)
Class kotlin.Metadata                                                                 : loaded 2 times (x 70B)
Class kotlin.collections.AbstractMutableSet                                           : loaded 2 times (x 142B)
Class com.google.devtools.ksp.processing.KSPJvmConfig                                 : loaded 2 times (x 72B)
Class com.google.common.cache.LocalCache$ComputingValueReference                      : loaded 2 times (x 96B)
Class com.google.common.collect.SingletonImmutableSet                                 : loaded 2 times (x 146B)
Class com.google.common.collect.ImmutableMap$IteratorBasedImmutableMap                : loaded 2 times (x 126B)
Class com.google.common.collect.UnmodifiableIterator                                  : loaded 2 times (x 80B)
Class [Lorg.objectweb.asm.Type;                                                       : loaded 2 times (x 69B)
Class build_5fjm1zg6h7wr3lkc3y9lr63of                                                 : loaded 2 times (x 172B)
Class com.google.common.cache.LocalCache$Segment                                      : loaded 2 times (x 154B)
Class com.google.common.collect.Platform                                              : loaded 2 times (x 71B)
Class kotlin.reflect.jvm.internal.ReflectProperties                                   : loaded 2 times (x 71B)
Class com.google.common.base.MoreObjects                                              : loaded 2 times (x 71B)
Class kotlin.time.DurationJvmKt                                                       : loaded 2 times (x 71B)
Class com.google.common.collect.AbstractListMultimap                                  : loaded 2 times (x 172B)
Class [Lorg.objectweb.asm.SymbolTable$Entry;                                          : loaded 2 times (x 69B)
Class com.google.common.cache.CacheLoader                                             : loaded 2 times (x 74B)
Class com.google.common.collect.Iterators$4                                           : loaded 2 times (x 82B)
Class com.google.common.collect.ImmutableBiMap                                        : loaded 2 times (x 143B)
Class org.gradle.api.internal.classpath.ModuleRegistry                                : loaded 2 times (x 70B)
Class org.gradle.internal.installation.GradleInstallation$1                           : loaded 2 times (x 75B)
Class jdk.internal.jimage.decompressor.ResourceDecompressorFactory                    : loaded 2 times (x 74B)
Class com.google.devtools.ksp.processing.KSPLogger                                    : loaded 2 times (x 70B)
Class com.google.common.collect.ImmutableSet$JdkBackedSetBuilderImpl                  : loaded 2 times (x 76B)
Class com.google.common.util.concurrent.internal.InternalFutureFailureAccess          : loaded 2 times (x 72B)
Class com.google.common.collect.Iterators$5                                           : loaded 2 times (x 82B)
Class kotlin.reflect.jvm.internal.KDeclarationContainerImpl                           : loaded 2 times (x 84B)
Class kotlin.time.Duration$Companion                                                  : loaded 2 times (x 71B)
Class kotlin.coroutines.intrinsics.IntrinsicsKt__IntrinsicsKt                         : loaded 2 times (x 71B)
Class com.google.common.cache.LocalCache$LocalManualCache$1                           : loaded 2 times (x 75B)
Class com.google.common.base.CharMatcher$ForPredicate                                 : loaded 2 times (x 112B)
Class com.google.common.base.Joiner                                                   : loaded 2 times (x 79B)
Class kotlin.collections.builders.ListBuilder                                         : loaded 2 times (x 207B)
Class kotlin.io.FilesKt__UtilsKt                                                      : loaded 2 times (x 71B)
Class com.google.common.base.CharMatcher$AnyOf                                        : loaded 2 times (x 112B)
Class com.google.common.collect.ImmutableCollection                                   : loaded 2 times (x 125B)
Class org.gradle.api.internal.classpath.DefaultModuleRegistry                         : loaded 2 times (x 86B)
Class kotlin.collections.builders.ListBuilder$Companion                               : loaded 2 times (x 71B)
Class kotlin.reflect.jvm.internal.impl.name.SpecialNames                              : loaded 2 times (x 71B)
Class kotlin.reflect.jvm.internal.impl.builtins.functions.FunctionTypeKind$KFunction  : loaded 2 times (x 72B)
Class kotlin.reflect.jvm.internal.impl.name.StandardClassIdsKt                        : loaded 2 times (x 71B)
Class kotlin.collections.IndexedValue                                                 : loaded 2 times (x 72B)
Class kotlin.KotlinVersionCurrentValue                                                : loaded 2 times (x 71B)
Class kotlin.collections.builders.MapBuilder$Itr                                      : loaded 2 times (x 72B)
Class kotlin.sequences.SequencesKt                                                    : loaded 2 times (x 71B)
Class com.google.common.collect.Lists                                                 : loaded 2 times (x 71B)
Class com.google.common.util.concurrent.ListenableFuture                              : loaded 2 times (x 70B)
Class com.google.common.cache.ReferenceEntry                                          : loaded 2 times (x 70B)
Class com.google.common.base.Converter                                                : loaded 2 times (x 90B)
Class com.google.common.collect.ImmutableSet$CachingAsList                            : loaded 2 times (x 148B)
Class jdk.internal.jimage.BasicImageReader$2                                          : loaded 2 times (x 77B)
Class kotlin.reflect.jvm.internal.impl.name.FqNamesUtilKt                             : loaded 2 times (x 71B)
Class kotlin.properties.NotNullVar                                                    : loaded 2 times (x 79B)
Class kotlin.jvm.internal.markers.KMutableSet                                         : loaded 2 times (x 70B)
Class com.google.common.collect.AbstractMapBasedMultimap                              : loaded 2 times (x 139B)
Class com.google.common.util.concurrent.AbstractFuture                                : loaded 2 times (x 106B)
Class com.google.common.base.FunctionalEquivalence                                    : loaded 2 times (x 83B)
Class com.google.common.collect.Iterators$9                                           : loaded 2 times (x 81B)
Class com.google.common.collect.ImmutableAsList                                       : loaded 2 times (x 209B)
Class com.google.common.collect.ImmutableCollection$Builder                           : loaded 2 times (x 76B)
Class kotlin.coroutines.jvm.internal.RestrictedContinuationImpl                       : loaded 2 times (x 87B)
Class org.objectweb.asm.RecordComponentVisitor                                        : loaded 2 times (x 77B)
Class com.google.common.cache.CacheLoader$SupplierToCacheLoader                       : loaded 2 times (x 75B)
Class com.google.common.collect.Iterators$ArrayItr                                    : loaded 2 times (x 97B)
Class com.google.common.cache.CacheLoader$FunctionToCacheLoader                       : loaded 2 times (x 75B)
Class [Lkotlin.coroutines.intrinsics.CoroutineSingletons;                             : loaded 2 times (x 69B)
Class [Lkotlin.Pair;                                                                  : loaded 2 times (x 69B)
Class kotlin.jvm.internal.markers.KMutableList                                        : loaded 2 times (x 70B)
Class kotlin.io.FilesKt__FileReadWriteKt                                              : loaded 2 times (x 71B)
Class com.google.common.collect.Maps$EntryTransformer                                 : loaded 2 times (x 70B)
Class org.gradle.internal.service.ServiceLookupException                              : loaded 2 times (x 82B)
Class [Lkotlin.annotation.AnnotationTarget;                                           : loaded 2 times (x 69B)
Class [Lkotlin.sequences.Sequence;                                                    : loaded 2 times (x 69B)
Class kotlin.jvm.internal.MutablePropertyReference1Impl                               : loaded 2 times (x 137B)
Class com.google.common.collect.Lists$ReverseList                                     : loaded 2 times (x 200B)
Class kotlin.reflect.jvm.internal.impl.name.StandardClassIds                          : loaded 2 times (x 71B)
Class org.gradle.internal.classloader.ClassLoaderFactory                              : loaded 2 times (x 70B)
Class kotlin.reflect.jvm.internal.impl.builtins.PrimitiveType                         : loaded 2 times (x 79B)
Class com.google.common.base.CommonPattern                                            : loaded 2 times (x 74B)
Class com.google.common.cache.LocalCache$LocalManualCache                             : loaded 2 times (x 99B)
Class com.google.common.base.CharMatcher$IsNot                                        : loaded 2 times (x 111B)
Class org.gradle.internal.service.CachingServiceLocator                               : loaded 2 times (x 82B)
Class org.gradle.internal.classloader.InstrumentingClassLoader                        : loaded 2 times (x 70B)
Class kotlin.collections.AbstractList$IteratorImpl                                    : loaded 2 times (x 82B)
Class com.google.common.collect.AbstractMapBasedMultimap$KeySet                       : loaded 2 times (x 137B)
Class com.google.common.math.IntMath                                                  : loaded 2 times (x 71B)
Class kotlin.reflect.jvm.internal.impl.descriptors.runtime.structure.ReflectClassUtilKt: loaded 2 times (x 71B)
Class kotlin.properties.ReadOnlyProperty                                              : loaded 2 times (x 70B)
Class kotlin.jvm.internal.markers.KMutableMap                                         : loaded 2 times (x 70B)
Class kotlin.ranges.IntRange                                                          : loaded 2 times (x 93B)
Class com.google.common.collect.ImmutableMapEntry                                     : loaded 2 times (x 85B)
Class org.gradle.internal.classpath.TransformedClassPath                              : loaded 2 times (x 96B)
Class com.google.common.base.Equivalence                                              : loaded 2 times (x 82B)
Class com.google.common.base.Function                                                 : loaded 2 times (x 70B)
Class com.google.common.collect.ImmutableMapEntry$NonTerminalImmutableMapEntry        : loaded 2 times (x 85B)
Class kotlin.jvm.internal.markers.KMutableListIterator                                : loaded 2 times (x 70B)
Class com.google.common.cache.CacheBuilder$OneWeigher                                 : loaded 2 times (x 82B)
Class com.google.common.collect.RegularImmutableList                                  : loaded 2 times (x 213B)
Class com.google.common.cache.CacheBuilder$NullListener                               : loaded 2 times (x 82B)
Class org.objectweb.asm.FieldWriter                                                   : loaded 2 times (x 78B)
Class kotlin.reflect.jvm.internal.KDeclarationContainerImpl$Companion                 : loaded 2 times (x 71B)
Class org.gradle.internal.classloader.ClasspathUtil                                   : loaded 2 times (x 71B)
Class kotlin.reflect.jvm.internal.impl.builtins.functions.FunctionTypeKind            : loaded 2 times (x 72B)
Class kotlin.sequences.EmptySequence                                                  : loaded 2 times (x 78B)
Class kotlin.io.FileSystemException                                                   : loaded 2 times (x 82B)
Class com.google.common.util.concurrent.Uninterruptibles                              : loaded 2 times (x 71B)
Class kotlin.reflect.jvm.internal.impl.builtins.functions.FunctionTypeKind$KSuspendFunction: loaded 2 times (x 72B)
Class kotlin.reflect.full.IllegalCallableAccessException                              : loaded 2 times (x 82B)
Class kotlin.reflect.jvm.internal.KClassImpl$$Lambda$0                                : loaded 2 times (x 76B)
Class jdk.internal.jimage.ImageReader$LinkNode                                        : loaded 2 times (x 84B)
Class com.google.common.collect.MapDifference                                         : loaded 2 times (x 70B)
Class build_5fjm1zg6h7wr3lkc3y9lr63of$_run_closure1                                   : loaded 2 times (x 139B)
Class com.google.common.util.concurrent.LazyLogger                                    : loaded 2 times (x 72B)
Class com.google.common.collect.Maps                                                  : loaded 2 times (x 71B)
Class org.gradle.api.specs.Spec                                                       : loaded 2 times (x 70B)
Class com.google.common.cache.LocalCache$Strength$3                                   : loaded 2 times (x 81B)
Class jdk.internal.jrtfs.JrtFileStore                                                 : loaded 2 times (x 83B)
Class kotlin.reflect.jvm.internal.CachesKt$$Lambda$0                                  : loaded 2 times (x 75B)
Class kotlin.jvm.internal.PropertyReference2                                          : loaded 2 times (x 127B)
Class com.google.common.cache.LocalCache$Strength$2                                   : loaded 2 times (x 81B)
Class kotlin.UnsafeLazyImpl                                                           : loaded 2 times (x 76B)
Class [Lcom.google.common.collect.ImmutableEntry;                                     : loaded 2 times (x 69B)
Class [Lkotlin.reflect.jvm.internal.impl.builtins.jvm.JavaToKotlinClassMap$PlatformMutabilityMapping;: loaded 2 times (x 69B)
Class kotlin.reflect.full.IllegalPropertyDelegateAccessException                      : loaded 2 times (x 82B)
Class com.google.common.util.concurrent.SettableFuture                                : loaded 2 times (x 114B)
Class kotlin.reflect.jvm.internal.CachesKt$$Lambda$1                                  : loaded 2 times (x 75B)
Class kotlin.jvm.internal.ArrayIterator                                               : loaded 2 times (x 79B)
Class com.google.common.cache.LocalCache$LoadingValueReference                        : loaded 2 times (x 96B)
Class kotlin.reflect.jvm.internal.CachesKt$$Lambda$2                                  : loaded 2 times (x 75B)
Class kotlin.collections.MapWithDefault                                               : loaded 2 times (x 70B)
Class kotlin.annotation.AnnotationRetention                                           : loaded 2 times (x 79B)
Class jdk.internal.jimage.decompressor.ResourceDecompressorRepository                 : loaded 2 times (x 71B)
Class kotlin.jvm.internal.SpreadBuilder                                               : loaded 2 times (x 76B)
Class kotlin.collections.EmptyIterator                                                : loaded 2 times (x 89B)
Class com.google.common.base.Platform                                                 : loaded 2 times (x 71B)
Class com.google.common.cache.LocalCache$Strength$1                                   : loaded 2 times (x 81B)
Class kotlin.reflect.jvm.internal.CachesKt$$Lambda$3                                  : loaded 2 times (x 75B)
Class org.objectweb.asm.ModuleVisitor                                                 : loaded 2 times (x 81B)
Class com.google.common.collect.Sets$4                                                : loaded 2 times (x 139B)
Class kotlin.io.FilePathComponents                                                    : loaded 2 times (x 72B)
Class kotlin.coroutines.jvm.internal.RestrictedSuspendLambda                          : loaded 2 times (x 91B)
Class kotlin.sequences.SequencesKt__SequencesJVMKt                                    : loaded 2 times (x 71B)
Class com.google.devtools.ksp.processing.KspGradleLogger$Companion                    : loaded 2 times (x 71B)
Class [Lorg.objectweb.asm.AnnotationWriter;                                           : loaded 2 times (x 69B)
Class com.google.common.collect.Maps$8                                                : loaded 2 times (x 82B)
Class kotlin.reflect.jvm.internal.impl.name.ClassId                                   : loaded 2 times (x 72B)
Class kotlin.reflect.jvm.internal.CachesKt$$Lambda$4                                  : loaded 2 times (x 75B)
Class org.gradle.internal.service.UnknownServiceException                             : loaded 2 times (x 83B)
Class com.google.common.cache.LocalCache$LocalLoadingCache                            : loaded 2 times (x 134B)
Class kotlin.Triple                                                                   : loaded 2 times (x 72B)
Class kotlin.sequences.SequencesKt__SequenceBuilderKt$sequence$$inlined$Sequence$1    : loaded 2 times (x 75B)
Class kotlin.collections.ArrayAsCollection                                            : loaded 2 times (x 105B)
Class com.google.common.collect.Lists$ReverseList$1                                   : loaded 2 times (x 99B)
Class com.google.common.collect.Sets$SetView                                          : loaded 2 times (x 138B)
Class com.google.common.cache.LocalCache$StrongValueReference                         : loaded 2 times (x 90B)
Class com.google.common.collect.Sets$3                                                : loaded 2 times (x 139B)
Class [Lorg.objectweb.asm.AnnotationVisitor;                                          : loaded 2 times (x 69B)
Class kotlin.jvm.internal.Ref$ObjectRef                                               : loaded 2 times (x 72B)
Class org.objectweb.asm.Type                                                          : loaded 2 times (x 72B)
Class build_3t3xiksol4j4pha3nfj71pe0h                                                 : loaded 2 times (x 172B)
Class org.gradle.internal.classloader.VisitableURLClassLoader$InstrumentingVisitableURLClassLoader: loaded 2 times (x 123B)
Class [Lkotlin.reflect.jvm.internal.impl.resolve.jvm.JvmPrimitiveType;                : loaded 2 times (x 69B)
Class kotlin.collections.CollectionsKt___CollectionsKt$asSequence$$inlined$Sequence$1 : loaded 2 times (x 75B)
Class kotlin.reflect.jvm.internal.KProperty1Impl$$Lambda$1                            : loaded 2 times (x 76B)
Class org.gradle.api.internal.ClassPathProvider                                       : loaded 2 times (x 70B)
Class [Lorg.gradle.api.internal.ClassPathProvider;                                    : loaded 2 times (x 69B)
Class kotlin.coroutines.Continuation                                                  : loaded 2 times (x 70B)
Class kotlin.sequences.SequencesKt__SequencesKt                                       : loaded 2 times (x 71B)
Class com.google.common.math.IntMath$1                                                : loaded 2 times (x 71B)
Class org.objectweb.asm.ByteVector                                                    : loaded 2 times (x 79B)
Class [Lcom.google.common.cache.CacheBuilder$NullListener;                            : loaded 2 times (x 69B)
Class org.gradle.internal.classloader.VisitableURLClassLoader$Spec                    : loaded 2 times (x 74B)
Class org.gradle.internal.classpath.DefaultClassPath                                  : loaded 2 times (x 90B)
Class com.google.common.collect.Sets$2                                                : loaded 2 times (x 139B)
Class kotlin.sequences.Sequence                                                       : loaded 2 times (x 70B)
Class kotlin.sequences.SequenceScope                                                  : loaded 2 times (x 73B)
Class kotlin.reflect.jvm.internal.KProperty1Impl$$Lambda$0                            : loaded 2 times (x 76B)
Class jdk.internal.jimage.decompressor.ZipDecompressorFactory                         : loaded 2 times (x 74B)
Class kotlin.coroutines.jvm.internal.BaseContinuationImpl                             : loaded 2 times (x 87B)
Class kotlin.sequences.FilteringSequence                                              : loaded 2 times (x 75B)
Class com.google.devtools.ksp.processing.KspGradleLogger                              : loaded 2 times (x 79B)
Class org.objectweb.asm.Symbol                                                        : loaded 2 times (x 73B)
Class kotlin.reflect.jvm.internal.impl.builtins.jvm.JavaToKotlinClassMap$PlatformMutabilityMapping: loaded 2 times (x 72B)
Class com.google.common.base.CharMatcher$BitSetMatcher                                : loaded 2 times (x 112B)
Class com.google.common.collect.ImmutableSet                                          : loaded 2 times (x 145B)
Class com.google.common.collect.RegularImmutableMap$Values                            : loaded 2 times (x 207B)
Class org.gradle.internal.classloader.ClassLoaderSpec                                 : loaded 2 times (x 71B)
Class kotlin.reflect.jvm.internal.ReflectProperties$Val$1                             : loaded 2 times (x 71B)
Class org.gradle.api.internal.DefaultClassPathProvider                                : loaded 2 times (x 76B)
Class kotlin.jvm.internal.FunctionReferenceImpl                                       : loaded 2 times (x 122B)
Class kotlin.text.DelimitedRangesSequence                                             : loaded 2 times (x 75B)
Class org.objectweb.asm.AnnotationWriter                                              : loaded 2 times (x 79B)
Class com.google.common.cache.CacheStats                                              : loaded 2 times (x 71B)
Class org.objectweb.asm.AnnotationVisitor                                             : loaded 2 times (x 78B)
Class kotlin.jdk7.AutoCloseableKt                                                     : loaded 2 times (x 71B)
Class kotlin.time.DurationKt                                                          : loaded 2 times (x 71B)
Class kotlin.jvm.internal.markers.KMutableIterable                                    : loaded 2 times (x 70B)
Class kotlin.sequences.SequencesKt___SequencesJvmKt                                   : loaded 2 times (x 71B)
Class kotlin.Unit                                                                     : loaded 2 times (x 71B)
Class org.objectweb.asm.RecordComponentWriter                                         : loaded 2 times (x 78B)
Class com.google.common.util.concurrent.AbstractFuture$Listener                       : loaded 2 times (x 72B)
Class com.google.common.base.CharMatcher$Or                                           : loaded 2 times (x 112B)
Class com.google.common.collect.Sets$1                                                : loaded 2 times (x 139B)
Class org.objectweb.asm.Attribute                                                     : loaded 2 times (x 77B)
Class com.google.common.base.Supplier                                                 : loaded 2 times (x 70B)
Class settings_ibm1023p07ubgsu7wgl8bohr$_run_closure1                                 : loaded 2 times (x 139B)
Class org.gradle.internal.classloader.VisitableURLClassLoader                         : loaded 2 times (x 117B)
Class kotlin.reflect.jvm.internal.KClassImpl                                          : loaded 2 times (x 115B)
Class com.google.common.collect.ImmutableSet$SerializedForm                           : loaded 2 times (x 73B)
Class kotlin.jvm.internal.AdaptedFunctionReference                                    : loaded 2 times (x 77B)
Class kotlin.sequences.GeneratorSequence                                              : loaded 2 times (x 75B)
Class kotlin.sequences.FlatteningSequence$iterator$1                                  : loaded 2 times (x 79B)
Class org.gradle.internal.Cast                                                        : loaded 2 times (x 71B)
Class org.gradle.api.Action                                                           : loaded 2 times (x 70B)
Class kotlin.reflect.jvm.internal.impl.name.ClassId$Companion                         : loaded 2 times (x 71B)
Class kotlin.jvm.internal.ArrayIteratorKt                                             : loaded 2 times (x 71B)
Class jdk.internal.jimage.decompressor.ZipDecompressor                                : loaded 2 times (x 75B)
Class kotlin.properties.ReadWriteProperty                                             : loaded 2 times (x 70B)
Class kotlin.collections.AbstractMutableList                                          : loaded 2 times (x 206B)
Class com.google.common.base.Strings                                                  : loaded 2 times (x 71B)
Class com.google.common.collect.Sets                                                  : loaded 2 times (x 71B)
Class org.objectweb.asm.Handler                                                       : loaded 2 times (x 72B)
Class com.google.common.base.Ticker                                                   : loaded 2 times (x 72B)
Class com.google.common.base.CharMatcher$FastMatcher                                  : loaded 2 times (x 111B)
Class kotlin.reflect.jvm.internal.KClassImpl$Data$$Lambda$10                          : loaded 2 times (x 76B)
Class kotlin.reflect.jvm.internal.KDeclarationContainerImpl$Data$$Lambda$0            : loaded 2 times (x 76B)
Class kotlin.reflect.jvm.internal.KCallableImpl                                       : loaded 2 times (x 105B)
Class kotlin.jvm.internal.markers.KMutableIterator                                    : loaded 2 times (x 70B)
Class kotlin.KotlinNothingValueException                                              : loaded 2 times (x 82B)
Class com.google.devtools.ksp.processing.KSPConfig                                    : loaded 2 times (x 72B)
Class [Lcom.google.common.cache.LocalCache$Segment;                                   : loaded 2 times (x 69B)
Class [Lcom.google.common.cache.LocalCache$Strength;                                  : loaded 2 times (x 69B)
Class com.google.common.cache.CacheBuilder$1                                          : loaded 2 times (x 85B)
Class com.google.common.base.Predicate                                                : loaded 2 times (x 70B)
Class com.google.common.collect.ImmutableMap                                          : loaded 2 times (x 120B)
Class org.gradle.internal.classpath.DefaultClassPath$ImmutableUniqueList$Builder      : loaded 2 times (x 75B)
Class kotlin.reflect.jvm.internal.impl.builtins.functions.FunctionTypeKind$Function   : loaded 2 times (x 72B)
Class kotlin.reflect.jvm.internal.KClassImpl$Data$$Lambda$11                          : loaded 2 times (x 76B)
Class kotlin.reflect.jvm.internal.KDeclarationContainerImpl$Data                      : loaded 2 times (x 72B)
Class com.google.common.collect.ImmutableEnumMap                                      : loaded 2 times (x 126B)
Class kotlin.io.FileTreeWalk$WalkState                                                : loaded 2 times (x 73B)
Class com.google.common.cache.LocalCache                                              : loaded 2 times (x 187B)
Class com.google.common.cache.CacheBuilder$2                                          : loaded 2 times (x 79B)
Class com.google.common.base.CharMatcher$NegatedFastMatcher                           : loaded 2 times (x 113B)
Class kotlin.reflect.jvm.internal.impl.builtins.PrimitiveType$Companion               : loaded 2 times (x 71B)
Class com.google.common.collect.ListMultimap                                          : loaded 2 times (x 70B)
Class kotlin.reflect.jvm.internal.KClassImpl$Data$$Lambda$12                          : loaded 2 times (x 76B)
Class kotlin.reflect.jvm.internal.KClassImpl$Data                                     : loaded 2 times (x 72B)
Class org.gradle.api.internal.classpath.EffectiveClassPath                            : loaded 2 times (x 90B)
Class kotlin.annotation.Target                                                        : loaded 2 times (x 70B)
Class kotlin.collections.EmptySet                                                     : loaded 2 times (x 122B)
Class com.google.common.collect.ArrayListMultimap                                     : loaded 2 times (x 172B)
Class com.google.common.cache.CacheBuilder$3                                          : loaded 2 times (x 72B)
Class [Lcom.google.common.collect.AbstractMapEntry;                                   : loaded 2 times (x 69B)
Class com.google.common.collect.ImmutableEntry                                        : loaded 2 times (x 82B)
Class org.gradle.api.GradleException                                                  : loaded 2 times (x 82B)
Class [Lcom.google.common.collect.ImmutableMapEntry;                                  : loaded 2 times (x 69B)
Class kotlin.io.FileTreeWalk$FileTreeWalkIterator                                     : loaded 2 times (x 83B)
Class kotlin.reflect.jvm.internal.KClassImpl$Data$$Lambda$13                          : loaded 2 times (x 76B)
Class kotlin.sequences.SequencesKt___SequencesKt$flatMap$2                            : loaded 2 times (x 125B)
Class kotlin.reflect.jvm.internal.KProperty1Impl                                      : loaded 2 times (x 128B)
Class kotlin.annotation.Retention                                                     : loaded 2 times (x 70B)
Class com.google.common.collect.CollectPreconditions                                  : loaded 2 times (x 71B)
Class jdk.internal.jrtfs.ExplodedImage                                                : loaded 2 times (x 77B)
Class kotlin.reflect.jvm.internal.KClassImpl$Data$$Lambda$14                          : loaded 2 times (x 76B)
Class kotlin.reflect.jvm.internal.KTypeParameterOwnerImpl                             : loaded 2 times (x 70B)
Class org.gradle.internal.classloader.ClassLoaderVisitor                              : loaded 2 times (x 76B)
Class kotlin.sequences.SequencesKt___SequencesKt                                      : loaded 2 times (x 71B)
Class kotlin.io.FilesKt                                                               : loaded 2 times (x 71B)
Class com.google.common.collect.SortedMapDifference                                   : loaded 2 times (x 70B)
Class kotlin.KotlinVersion$Companion                                                  : loaded 2 times (x 71B)
Class kotlin.reflect.jvm.internal.impl.name.Name                                      : loaded 2 times (x 75B)
Class kotlin.reflect.jvm.internal.KClassImpl$Data$$Lambda$15                          : loaded 2 times (x 76B)
Class kotlin.reflect.jvm.internal.KPropertyImpl$Companion                             : loaded 2 times (x 71B)
Class kotlin.reflect.jvm.internal.KPropertyImpl$$Lambda$1                             : loaded 2 times (x 76B)
Class [Lkotlin.time.DurationUnit;                                                     : loaded 2 times (x 69B)
Class kotlin.sequences.SequencesKt___SequencesKt$asIterable$$inlined$Iterable$1       : loaded 2 times (x 79B)
Class com.google.common.cache.LocalCache$EntryFactory                                 : loaded 2 times (x 83B)
Class org.gradle.internal.classloader.DefaultClassLoaderFactory                       : loaded 2 times (x 82B)
Class kotlin.reflect.jvm.internal.impl.name.FqNameUnsafe                              : loaded 2 times (x 72B)
Class kotlin.reflect.jvm.internal.KClassImpl$Data$$Lambda$16                          : loaded 2 times (x 76B)
Class settings_ibm1023p07ubgsu7wgl8bohr                                               : loaded 2 times (x 171B)
Class com.google.common.base.Suppliers                                                : loaded 2 times (x 71B)
Class [Lcom.google.common.cache.CacheBuilder$OneWeigher;                              : loaded 2 times (x 69B)
Class [Lkotlin.annotation.AnnotationRetention;                                        : loaded 2 times (x 69B)
Class kotlin.collections.builders.MapBuilder$Companion                                : loaded 2 times (x 71B)
Class com.google.common.cache.LocalCache$AbstractReferenceEntry                       : loaded 2 times (x 107B)
Class org.gradle.internal.IoActions                                                   : loaded 2 times (x 71B)
Class [Lkotlin.reflect.jvm.internal.impl.name.ClassId;                                : loaded 2 times (x 69B)
Class org.objectweb.asm.MethodTooLargeException                                       : loaded 2 times (x 83B)
Class com.google.common.base.Platform$JdkPatternCompiler                              : loaded 2 times (x 75B)
Class kotlin.reflect.jvm.internal.KClassImpl$Data$$Lambda$17                          : loaded 2 times (x 76B)
Class kotlin.reflect.jvm.internal.KCallableImpl$$Lambda$0                             : loaded 2 times (x 76B)
Class kotlin.io.LinesSequence                                                         : loaded 2 times (x 75B)
Class kotlin.reflect.jvm.internal.KPropertyImpl$$Lambda$0                             : loaded 2 times (x 76B)
Class kotlin.reflect.jvm.internal.EmptyContainerForLocal                              : loaded 2 times (x 84B)
Class kotlin.annotation.MustBeDocumented                                              : loaded 2 times (x 70B)
Class org.objectweb.asm.SymbolTable                                                   : loaded 2 times (x 72B)
Class com.google.common.cache.CacheLoader$InvalidCacheLoadException                   : loaded 2 times (x 82B)
Class com.google.common.collect.ImmutableSet$RegularSetBuilderImpl                    : loaded 2 times (x 77B)
Class org.gradle.internal.classloader.SystemClassLoaderSpec                           : loaded 2 times (x 71B)
Class kotlin.reflect.jvm.internal.impl.name.FqName                                    : loaded 2 times (x 72B)
Class kotlin.reflect.jvm.internal.KCallableImpl$$Lambda$1                             : loaded 2 times (x 76B)
Class com.google.common.collect.UnmodifiableListIterator                              : loaded 2 times (x 95B)
Class org.objectweb.asm.ClassVisitor                                                  : loaded 2 times (x 88B)
Class kotlin.jvm.internal.PropertyReference0Impl                                      : loaded 2 times (x 127B)
Class kotlin.jvm.internal.markers.KMutableCollection                                  : loaded 2 times (x 70B)
Class kotlin.coroutines.intrinsics.IntrinsicsKt                                       : loaded 2 times (x 71B)
Class kotlin.ranges.IntRange$Companion                                                : loaded 2 times (x 71B)
Class kotlin.collections.EmptyMap                                                     : loaded 2 times (x 108B)
Class com.google.common.cache.LocalCache$StrongEntry                                  : loaded 2 times (x 108B)
Class com.google.common.util.concurrent.AbstractFuture$TrustedFuture                  : loaded 2 times (x 114B)
Class com.google.common.cache.LoadingCache                                            : loaded 2 times (x 70B)
Class [Lorg.objectweb.asm.Symbol;                                                     : loaded 2 times (x 69B)
Class kotlin.sequences.TransformingSequence                                           : loaded 2 times (x 75B)
Class kotlin.reflect.jvm.internal.KCallableImpl$$Lambda$2                             : loaded 2 times (x 76B)
Class kotlin.collections.builders.ListBuilder$Itr                                     : loaded 2 times (x 94B)
Class jdk.internal.jimage.decompressor.StringSharingDecompressorFactory               : loaded 2 times (x 74B)
Class kotlin.coroutines.intrinsics.CoroutineSingletons                                : loaded 2 times (x 79B)
Class org.objectweb.asm.MethodWriter                                                  : loaded 2 times (x 106B)
Class [Lcom.google.common.cache.Weigher;                                              : loaded 2 times (x 69B)
Class com.google.common.collect.RegularImmutableMap$BucketOverflowException           : loaded 2 times (x 82B)
Class com.google.common.collect.ImmutableMap$MapViewOfValuesAsSingletonSets           : loaded 2 times (x 126B)
Class kotlin.reflect.jvm.internal.KCallableImpl$$Lambda$3                             : loaded 2 times (x 76B)
Class com.google.common.collect.RegularImmutableMap                                   : loaded 2 times (x 121B)
Class jdk.internal.jimage.decompressor.CompressedResourceHeader                       : loaded 2 times (x 71B)
Class kotlin.text.Charsets                                                            : loaded 2 times (x 71B)
Class kotlin.sequences.SequenceBuilderIterator                                        : loaded 2 times (x 85B)
Class kotlin.ranges.OpenEndRange                                                      : loaded 2 times (x 70B)
Class kotlin.ranges.IntProgression$Companion                                          : loaded 2 times (x 71B)
Class kotlin.reflect.jvm.internal.KCallableImpl$$Lambda$4                             : loaded 2 times (x 76B)
Class kotlin.collections.builders.MapBuilder                                          : loaded 2 times (x 112B)
Class com.google.common.collect.RegularImmutableBiMap                                 : loaded 2 times (x 149B)
Class com.google.common.cache.LocalCache$ValueReference                               : loaded 2 times (x 70B)
Class com.google.common.base.CharMatcher$Negated                                      : loaded 2 times (x 113B)
Class com.google.common.base.CharMatcher$Is                                           : loaded 2 times (x 111B)
Class kotlin.jvm.internal.MutablePropertyReference2                                   : loaded 2 times (x 137B)
Class kotlin.reflect.jvm.internal.KCallableImpl$$Lambda$5                             : loaded 2 times (x 76B)
Class kotlin.reflect.jvm.internal.ReflectProperties$Val                               : loaded 2 times (x 74B)
Class org.gradle.api.internal.classpath.ManifestUtil                                  : loaded 2 times (x 71B)
Class kotlin.collections.ArrayDeque$Companion                                         : loaded 2 times (x 71B)
Class com.google.common.base.PatternCompiler                                          : loaded 2 times (x 70B)
Class com.google.common.util.concurrent.AbstractFuture$Failure                        : loaded 2 times (x 72B)
Class com.google.common.base.Equivalence$Equals                                       : loaded 2 times (x 82B)
Class com.google.common.collect.Hashing                                               : loaded 2 times (x 71B)
Class com.google.common.base.Preconditions                                            : loaded 2 times (x 71B)
Class com.google.common.collect.ImmutableList$1                                       : loaded 2 times (x 97B)
Class kotlin.reflect.jvm.internal.CacheByClassKt                                      : loaded 2 times (x 71B)
Class com.google.common.util.concurrent.ExecutionError                                : loaded 2 times (x 82B)
Class com.google.common.collect.ImmutableEnumSet                                      : loaded 2 times (x 146B)
Class kotlin.coroutines.EmptyCoroutineContext                                         : loaded 2 times (x 77B)
Class com.google.common.base.Joiner$1                                                 : loaded 2 times (x 80B)
Class org.objectweb.asm.Label                                                         : loaded 2 times (x 73B)
Class org.objectweb.asm.CurrentFrame                                                  : loaded 2 times (x 73B)
Class org.objectweb.asm.ClassTooLargeException                                        : loaded 2 times (x 83B)
Class com.google.common.base.CharMatcher                                              : loaded 2 times (x 111B)
Class com.google.common.collect.PeekingIterator                                       : loaded 2 times (x 70B)
Class org.gradle.internal.classloader.ClassLoaderHierarchy                            : loaded 2 times (x 70B)
Class build_3t3xiksol4j4pha3nfj71pe0h$_run_closure1                                   : loaded 2 times (x 139B)
Class kotlin.InitializedLazyImpl                                                      : loaded 2 times (x 76B)
Class com.google.common.base.Joiner$2                                                 : loaded 2 times (x 79B)
Class org.objectweb.asm.Frame                                                         : loaded 2 times (x 73B)
Class org.objectweb.asm.MethodVisitor                                                 : loaded 2 times (x 105B)
Class com.google.common.cache.LocalCache$EntryFactory$1                               : loaded 2 times (x 83B)
Class [Lcom.google.common.cache.RemovalListener;                                      : loaded 2 times (x 69B)
Class com.google.common.base.CharMatcher$1                                            : loaded 2 times (x 113B)
Class com.google.common.base.CharMatcher$NamedFastMatcher                             : loaded 2 times (x 112B)
Class com.google.common.base.CharMatcher$IsEither                                     : loaded 2 times (x 111B)
Class kotlin.sequences.SequencesKt__SequenceBuilderKt                                 : loaded 2 times (x 71B)
Class kotlin.reflect.jvm.internal.CachesKt                                            : loaded 2 times (x 71B)
Class kotlin.sequences.FilteringSequence$iterator$1                                   : loaded 2 times (x 79B)
Class com.google.common.cache.LocalCache$EntryFactory$2                               : loaded 2 times (x 83B)
Class org.gradle.api.internal.classpath.GlobalCacheRootsProvider                      : loaded 2 times (x 70B)
Class kotlin.jvm.internal.CollectionToArray                                           : loaded 2 times (x 71B)
Class kotlin.io.FilesKt__FileTreeWalkKt                                               : loaded 2 times (x 71B)
Class kotlin.jvm.internal.MutablePropertyReference0                                   : loaded 2 times (x 137B)
Class kotlin.reflect.KMutableProperty$Setter                                          : loaded 2 times (x 70B)
Class org.objectweb.asm.ModuleWriter                                                  : loaded 2 times (x 82B)
Class com.google.common.cache.LocalCache$EntryFactory$3                               : loaded 2 times (x 83B)
Class com.google.common.base.Ticker$1                                                 : loaded 2 times (x 72B)
Class com.google.common.collect.Maps$BiMapConverter                                   : loaded 2 times (x 90B)
Class com.google.common.collect.ImmutableMapEntrySet$RegularEntrySet                  : loaded 2 times (x 152B)
Class com.google.common.collect.ImmutableSet$Builder                                  : loaded 2 times (x 85B)
Class com.google.common.cache.LocalCache$EntryFactory$4                               : loaded 2 times (x 83B)
Class com.google.common.base.CharMatcher$InRange                                      : loaded 2 times (x 111B)
Class kotlin.sequences.ConstrainedOnceSequence                                        : loaded 2 times (x 75B)
Class com.google.common.cache.LocalCache$EntryFactory$5                               : loaded 2 times (x 83B)
Class kotlin.reflect.jvm.internal.impl.builtins.CompanionObjectMapping                : loaded 2 times (x 71B)
Class org.gradle.internal.classloader.FilteringClassLoader                            : loaded 2 times (x 105B)
Class kotlin.time.Duration                                                            : loaded 2 times (x 74B)
Class com.google.common.cache.LocalCache$EntryFactory$6                               : loaded 2 times (x 83B)
Class org.gradle.internal.installation.CurrentGradleInstallationLocator               : loaded 2 times (x 71B)
Class [Lkotlin.io.FileWalkDirection;                                                  : loaded 2 times (x 69B)
Class com.google.common.collect.Maps$KeySet                                           : loaded 2 times (x 137B)
Class com.google.common.collect.ImmutableSet$EmptySetBuilderImpl                      : loaded 2 times (x 76B)
Class com.google.common.cache.LocalCache$EntryFactory$7                               : loaded 2 times (x 83B)
Class com.google.common.collect.ImmutableList                                         : loaded 2 times (x 206B)
Class org.gradle.internal.service.DefaultServiceLocator                               : loaded 2 times (x 83B)
Class com.google.common.collect.RegularImmutableMap$KeySet                            : loaded 2 times (x 152B)
Class com.google.common.base.Equivalence$Identity                                     : loaded 2 times (x 82B)
Class com.google.common.base.PairwiseEquivalence                                      : loaded 2 times (x 83B)
Class kotlin.io.FileTreeWalk                                                          : loaded 2 times (x 75B)
Class kotlin.coroutines.jvm.internal.SuspendFunction                                  : loaded 2 times (x 70B)
Class com.google.common.cache.LocalCache$EntryFactory$8                               : loaded 2 times (x 83B)
Class com.google.common.collect.ImmutableSet$SetBuilderImpl                           : loaded 2 times (x 76B)
Class org.gradle.internal.installation.CurrentGradleInstallation                      : loaded 2 times (x 73B)
Class kotlin.sequences.DropTakeSequence                                               : loaded 2 times (x 70B)
Class kotlin.jvm.internal.Ref$BooleanRef                                              : loaded 2 times (x 71B)
Class kotlin.jvm.internal.StringCompanionObject                                       : loaded 2 times (x 71B)
Class kotlin.coroutines.intrinsics.IntrinsicsKt__IntrinsicsJvmKt                      : loaded 2 times (x 71B)
Class kotlin.coroutines.jvm.internal.CoroutineStackFrame                              : loaded 2 times (x 70B)
Class com.google.common.cache.CacheLoader$1                                           : loaded 2 times (x 75B)
Class com.google.common.collect.ImmutableList$SubList                                 : loaded 2 times (x 209B)
Class org.gradle.util.internal.GUtil                                                  : loaded 2 times (x 71B)
Class kotlin.sequences.FlatteningSequence                                             : loaded 2 times (x 75B)
Class kotlin.io.TextStreamsKt                                                         : loaded 2 times (x 71B)
Class kotlin.io.NoSuchFileException                                                   : loaded 2 times (x 82B)
Class com.google.common.cache.AbstractCache$StatsCounter                              : loaded 2 times (x 70B)
Class kotlin.reflect.jvm.internal.RuntimeTypeMapper                                   : loaded 2 times (x 71B)
Class kotlin.time.DurationUnitKt                                                      : loaded 2 times (x 71B)
Class kotlin.ranges.IntProgressionIterator                                            : loaded 2 times (x 82B)
Class kotlin.coroutines.jvm.internal.DebugProbesKt                                    : loaded 2 times (x 71B)
Class kotlin.coroutines.CoroutineContext                                              : loaded 2 times (x 70B)
Class com.google.common.collect.Iterators$MergingIterator                             : loaded 2 times (x 81B)
Class com.google.common.collect.RegularImmutableSet                                   : loaded 2 times (x 149B)
Class org.gradle.internal.installation.GradleInstallation                             : loaded 2 times (x 75B)
Class kotlin.reflect.jvm.internal.impl.builtins.PrimitiveType$$Lambda$0               : loaded 2 times (x 76B)
Class jdk.internal.jimage.decompressor.ResourceDecompressor$StringsProvider           : loaded 2 times (x 70B)
Class com.google.common.collect.Iterables                                             : loaded 2 times (x 71B)
Class kotlin.reflect.jvm.internal.impl.builtins.PrimitiveType$$Lambda$1               : loaded 2 times (x 76B)
Class [Lcom.google.common.cache.LocalCache$EntryFactory;                              : loaded 2 times (x 69B)
Class kotlin.io.FileWalkDirection                                                     : loaded 2 times (x 79B)
Class kotlin.ranges.IntProgression                                                    : loaded 2 times (x 81B)
Class com.google.common.collect.Lists$RandomAccessReverseList                         : loaded 2 times (x 200B)

---------------  S Y S T E M  ---------------

OS:
 Windows 10 , 64 bit Build 19041 (10.0.19041.3155)
OS uptime: 32 days 0:21 hours
Hyper-V role detected

CPU: total 4 (initial active 4) (2 cores per cpu, 2 threads per core) family 6 model 61 stepping 4 microcode 0x2d, cx8, cmov, fxsr, ht, mmx, 3dnowpref, sse, sse2, sse3, ssse3, sse4.1, sse4.2, popcnt, lzcnt, tsc, tscinvbit, avx, avx2, aes, erms, clmul, bmi1, bmi2, adx, fma, vzeroupper, clflush, hv, rdtscp, f16c
Processor Information for the first 4 processors :
  Max Mhz: 2201, Current Mhz: 2200, Mhz Limit: 2178

Memory: 4k page, system-wide physical 16304M (834M free)
TotalPageFile size 65456M (AvailPageFile size 3M)
current process WorkingSet (physical memory assigned to process): 3459M, peak: 3495M
current process commit charge ("private bytes"): 3797M, peak: 6011M

vm_info: OpenJDK 64-Bit Server VM (21.0.10+1-b1163.108) for windows-amd64 JRE (21.0.10+1-b1163.108), built on 2026-02-06 by "builduser" with MS VC++ 16.10 / 16.11 (VS2019)

END.
